,time,corr_flux,pca_flux,psf_flux,flux_err,time_flag,sector
0,1517.3681681853118,1818.0526861519145,1105.8126362109904,0.0,2.5424286259914135,2176,8
1,1517.389001531276,1666.2324815302065,1118.7002525376904,0.0,2.421385804399409,2049,8
2,1517.4098348749794,1502.204421215996,1076.8438260756352,0.0,2.3152761034444214,4096,8
3,1517.4306682163165,1428.53676572223,1079.9482174314958,0.0,2.237077421916513,0,8
4,1517.4515015552151,1377.0601054388221,1078.0237796164731,0.0,2.169631244952755,0,8
5,1517.4723348916395,1340.4460037390083,1074.70629469547,0.0,2.1187097685298584,0,8
6,1517.4931682255883,1312.2418544284883,1078.613966038413,0.0,2.0736620157081913,0,8
7,1517.5140015570944,1291.0410341585666,1081.6367281771068,0.0,2.033418219457762,0,8
8,1517.5348348862285,1270.514318212834,1080.2896565174954,0.0,1.9964753687567247,4096,8
9,1517.5556682130937,1251.7063961130652,1080.1512340484985,0.0,1.9650348075684365,0,8
10,1517.5765015378258,1236.5079101162617,1081.94153295074,0.0,1.9364011370445973,0,8
11,1517.5973348605874,1227.0320622393906,1085.444217601054,0.0,1.9125422555854195,4096,8
12,1517.6181681815715,1209.2371930308382,1078.9541478532365,0.0,1.8928374719951941,0,8
13,1517.6390015009933,1194.8464205757825,1077.216477956512,0.0,1.8682208018375301,0,8
14,1517.659834819087,1187.2659370643867,1078.5126775948997,0.0,1.8489898089026118,0,8
15,1517.6806681361043,1178.2243122505356,1078.7044136913,0.0,1.8311440089560276,0,8
16,1517.701501452307,1168.9994851919987,1076.1811248635945,0.0,1.8106170903598813,4096,8
17,1517.7223347679628,1158.0968580824917,1075.734768749858,0.0,1.7934217688489429,0,8
18,1517.7431680833452,1152.054789269797,1075.3136613593629,0.0,1.7747272343212828,4096,8
19,1517.764001398724,1143.8093546567504,1074.4896024090788,0.0,1.7539620525410968,4096,8
20,1517.78483471436,1131.820499865802,1073.9357523412384,0.0,1.737452318286991,0,8
21,1517.8056680305033,1121.9255653051557,1071.4257423433992,0.0,1.7165942060816155,0,8
22,1517.8265013473904,1116.3324570688214,1071.4672948080868,0.0,1.7002639217211086,0,8
23,1517.8473346652365,1108.9123886344557,1067.7893779167132,0.0,1.6871410420354633,0,8
24,1517.868167984232,1104.6801424710509,1067.6652121578159,0.0,1.6748734357224846,0,8
25,1517.8890013045407,1101.9464671334779,1066.3780067725331,0.0,1.6658956807771153,0,8
26,1517.9098346262995,1098.0689384225557,1066.9864580815504,0.0,1.6567229993391988,4096,8
27,1517.9306679496106,1094.3069852519877,1066.721839453291,0.0,1.651201423934595,0,8
28,1517.951501274543,1091.6997294882515,1064.6659505897087,0.0,1.6464639369880565,128,8
29,1517.972334601132,1088.0833556185025,1062.147193825136,0.0,1.639914377512286,4096,8
30,1517.9931679293754,1090.622130798771,1065.9091154207558,0.0,1.6343448250372357,0,8
31,1518.014001259235,1085.8397520514077,1064.4109683723184,0.0,1.6280474818928452,0,8
32,1518.0348345906418,1084.3541185912375,1063.4028880830838,0.0,1.6229623246142681,0,8
33,1518.0556679234903,1082.196503918132,1062.459249681387,0.0,1.6213951475717097,0,8
34,1518.0765012576412,1080.3773750693178,1063.9280610105764,0.0,1.6111126593116378,0,8
35,1518.0973345929294,1076.8740003659593,1061.319774373453,0.0,1.6072622076659622,0,8
36,1518.1181679291608,1077.150822512132,1062.0132148881657,0.0,1.6008608591016495,4096,8
37,1518.139001266119,1076.8654603179493,1065.7400593565221,0.0,1.5948702542176776,0,8
38,1518.159834603569,1075.7906856859565,1064.464988169943,0.0,1.5898868572034748,4096,8
39,1518.180667941259,1075.3989548300422,1064.833996774338,0.0,1.586546698266113,4096,8
40,1518.2015012789243,1067.95408662584,1059.6324243859135,0.0,1.581436046561437,0,8
41,1518.2223346162973,1068.205558928629,1060.0391114280942,0.0,1.584030560356849,0,8
42,1518.2431679531073,1068.146929458661,1062.431183210781,0.0,1.5799481902129986,0,8
43,1518.2640012890836,1070.2218872054689,1063.587751895102,0.0,1.5789548805211528,128,8
44,1518.2848346239655,1068.4958505177483,1061.9388689865145,0.0,1.5764071555329522,0,8
45,1518.3056679575036,1069.069951706393,1065.0307715285298,0.0,1.5722796428477481,128,8
46,1518.3265012894637,1067.4455977142147,1064.7629576148652,0.0,1.5717428152604938,0,8
47,1518.3473346196338,1066.3792461551163,1063.2484738912488,0.0,1.5688212094401417,0,8
48,1518.368167947823,1065.4341147726786,1063.835206898628,0.0,1.5667878946731197,0,8
49,1518.3890012738666,1063.0564485948685,1061.521130444414,0.0,1.5647911411890945,0,8
50,1518.4098345976342,1062.31307848101,1063.0035608541027,0.0,1.5611255890278186,128,8
51,1518.430667919024,1063.9665680199737,1063.9980893309862,0.0,1.5593041696837229,0,8
52,1518.45150123797,1065.0888845353034,1063.0783531410354,0.0,1.5591896427823997,128,8
53,1518.4723345544392,1062.502434982672,1062.8359132599605,0.0,1.5569923898819886,0,8
54,1518.4931678684343,1064.45543926641,1062.7858936834746,0.0,1.556464329211876,0,8
55,1518.5140011799942,1061.8991854086514,1062.8213646927943,0.0,1.558463429384009,0,8
56,1518.5348344891956,1064.1278546283597,1063.1106186517427,0.0,1.55865175940265,0,8
57,1518.5556677961438,1063.4907190903803,1062.8691621427645,0.0,1.5580463633420685,0,8
58,1518.5765011009769,1063.1731386324693,1063.599839355845,0.0,1.5543252883753365,0,8
59,1518.5973344038653,1064.6628314308389,1065.850172237055,0.0,1.5567439676029997,0,8
60,1518.6181677050024,1061.4377071430763,1063.43886928753,0.0,1.5578252085723885,0,8
61,1518.6390010046064,1063.248628771519,1062.35242470208,0.0,1.5598955387034803,0,8
62,1518.6598343029164,1062.8132496383,1063.6084822615635,0.0,1.562530561784703,0,8
63,1518.6806676001834,1061.1679285725377,1061.8621968812217,0.0,1.5545486518358642,0,8
64,1518.7015008966691,1060.722586652723,1060.9507708864494,0.0,1.5552398207776783,0,8
65,1518.7223341926463,1064.3953692709613,1066.5481721619606,0.0,1.555502996583869,0,8
66,1518.743167488386,1064.1266845746786,1064.2200860522562,0.0,1.5556588070830062,0,8
67,1518.7640007841549,1065.0440051892897,1066.3179773152106,0.0,1.5585707027105142,0,8
68,1518.7848340802157,1065.1282005127512,1065.8860090937426,0.0,1.5547105718256327,0,8
69,1518.8056673768162,1065.050908562118,1065.500308047822,0.0,1.5555978621008288,0,8
70,1518.8265006741897,1066.5233326597775,1066.4222199025132,0.0,1.5551743940608107,0,8
71,1518.8473339725485,1065.3550420632323,1065.4108390299693,0.0,1.5572341697655459,0,8
72,1518.8681672720802,1062.6399919690475,1062.0057178005454,0.0,1.5559959048815877,0,8
73,1518.8890005729452,1063.6675564419636,1063.6256243138068,0.0,1.5565410381388263,0,8
74,1518.9098338752747,1062.4352881172133,1062.8716574219727,0.0,1.5563470433522375,0,8
75,1518.9306671791699,1061.886284700452,1060.1342329361253,0.0,1.5558628092660445,0,8
76,1518.9515004846928,1061.1468723679475,1063.029260540381,0.0,1.5545037405794406,0,8
77,1518.9723337918724,1061.7568407821516,1062.8765132417127,0.0,1.5554085691489743,0,8
78,1518.9931671007053,1061.3996248280898,1063.264063724325,0.0,1.556452660039685,0,8
79,1519.0140004111481,1064.8755398930398,1064.1121528692927,0.0,1.5544632574878918,4096,8
80,1519.034833723125,1062.993256112276,1064.3147903143824,0.0,1.554545360682395,0,8
81,1519.0556670365283,1064.6403674553987,1066.4856535461313,0.0,1.5553746987978916,0,8
82,1519.0765003512142,1062.5361445453625,1063.9297824011098,0.0,1.5581707041938009,0,8
83,1519.0973336670124,1063.2926171785207,1063.9574947763083,0.0,1.5564793533107568,0,8
84,1519.1181669837276,1062.4901097044342,1062.4981991678683,0.0,1.5552515193776186,0,8
85,1519.1390003011413,1064.2899774122468,1065.3125430156674,0.0,1.5608736625050894,0,8
86,1519.1598336190143,1064.8508287657337,1063.7807668513371,0.0,1.5550754010798091,0,8
87,1519.1806669370922,1065.1976434496005,1065.3956529022387,0.0,1.5572748429486292,0,8
88,1519.2015002551125,1064.1475531936114,1063.0447193576217,0.0,1.5549376368924341,0,8
89,1519.2223335728054,1064.9580018566335,1065.2976461088208,0.0,1.5557727348093853,0,8
90,1519.2431668898985,1061.7675811646009,1062.197588525266,0.0,1.5557597585268341,0,8
91,1519.2640002061244,1062.8753932662564,1062.5353536914474,0.0,1.5564400449520026,0,8
92,1519.284833521223,1065.2968591364177,1064.7029906563405,0.0,1.555697572474202,0,8
93,1519.3056668349448,1063.558523199819,1061.2803940403842,0.0,1.5574795723423696,0,8
94,1519.3265001470613,1063.9739679094175,1063.1266975505075,0.0,1.5640052373629978,0,8
95,1519.3473334573619,1062.820261186439,1064.1983143151197,0.0,1.560043592741713,0,8
96,1519.3681667656576,1064.9800199776755,1064.8675446273223,0.0,1.556843351376982,0,8
97,1519.3890000717897,1065.135796101436,1064.7319001922647,0.0,1.5566281493964622,0,8
98,1519.4098333756317,1065.882128799159,1065.156768607375,0.0,1.5574555522011273,0,8
99,1519.430666677086,1064.9857648916552,1064.5741345455024,0.0,1.55531438342673,0,8
100,1519.4514999760888,1066.608946798457,1066.4278595113906,0.0,1.5561540813491996,0,8
101,1519.4723332726132,1063.7493596571387,1064.852726671902,0.0,1.5651749234611207,0,8
102,1519.4931665666686,1066.3222018856934,1065.0230228013222,0.0,1.5599518548549418,0,8
103,1519.5139998582981,1064.4137762824446,1063.1215935800287,0.0,1.5567327415565506,0,8
104,1519.5348331475789,1065.290797336738,1064.4836038581968,0.0,1.556498859756973,0,8
105,1519.5556664346236,1065.2428836985118,1064.895488052346,0.0,1.5561511477233052,0,8
106,1519.5764997195756,1066.6038464414223,1065.5689187840164,0.0,1.5556282052994936,0,8
107,1519.5973330026056,1063.8814178866219,1063.9554309176408,0.0,1.557170288184045,0,8
108,1519.618166283913,1066.3097304093844,1067.5300143187133,0.0,1.5556207064125085,0,8
109,1519.6389995637196,1062.424420746756,1061.921783029724,0.0,1.554980169295995,0,8
110,1519.6598328422617,1063.56050873098,1063.148103146241,0.0,1.5559281663491917,0,8
111,1519.6806661197952,1065.6674108924503,1066.2178869837014,0.0,1.557440060656928,0,8
112,1519.7014993965845,1064.4721964939445,1064.9398793635933,0.0,1.5571875392007086,0,8
113,1519.7223326729015,1062.6171498185302,1062.2942731874666,0.0,1.55490087883558,0,8
114,1519.7431659490164,1063.7024064434502,1063.277521431764,0.0,1.5566540854712159,0,8
115,1519.763999225195,1064.481240861831,1064.374738970206,0.0,1.5600561164213622,0,8
116,1519.7848325016996,1062.7516109603162,1063.2366968944364,0.0,1.5554932595641082,0,8
117,1519.8056657787763,1064.1940845441359,1063.3648205102936,0.0,1.5573098939314278,0,8
118,1519.8264990566556,1064.526829741568,1064.105604790601,0.0,1.5551271981091548,0,8
119,1519.8473323355456,1064.8139194299172,1065.0391353708987,0.0,1.5559862330827232,0,8
120,1519.868165615632,1064.5836314327994,1064.6928796188001,0.0,1.5570981417839307,0,8
121,1519.8889988970723,1064.1698850993453,1064.9989829308163,0.0,1.5567609932026998,0,8
122,1519.909832179992,1063.7012311319072,1065.1910057419122,0.0,1.5550195976743804,0,8
123,1519.9306654644868,1064.2284490267618,1065.356407145897,0.0,1.5561614413771536,128,8
124,1519.9514987506159,1064.2754955781409,1063.7373435529769,0.0,1.559370027038494,0,8
125,1519.9723320384053,1063.2090096128618,1065.1469685022153,0.0,1.5557576915970872,0,8
126,1519.993165327843,1066.421046642317,1067.144393173474,0.0,1.5570381790107242,0,8
127,1520.0139986188842,1066.163845823695,1066.8980214028645,0.0,1.558751713663137,0,8
128,1520.034831911448,1066.520840761464,1066.2846767959752,0.0,1.5589396579180435,0,8
129,1520.0556652054197,1062.699022802967,1061.2794489020766,0.0,1.554551108343303,0,8
130,1520.0764985006547,1064.0390792118294,1064.922536560429,0.0,1.557474304630439,0,8
131,1520.0973317969783,1066.4684007258372,1067.7202221508696,0.0,1.559027907253652,0,8
132,1520.1181650941935,1066.3083714902696,1066.268007428936,0.0,1.5571565236265792,0,8
133,1520.1389983920765,1063.7732778465008,1064.5328682210607,0.0,1.562106465111516,0,8
134,1520.1598316903849,1065.579813796919,1065.5116639164378,0.0,1.5559708185644212,0,8
135,1520.1806649888658,1063.9056564875334,1065.2080110433533,0.0,1.557761786596702,0,8
136,1520.2014982872558,1064.3731238288203,1063.9715845897917,0.0,1.5555808208343587,0,8
137,1520.2223315852825,1063.2819738707033,1063.1795424230324,0.0,1.5605481217142978,0,8
138,1520.243164882674,1063.7450801200014,1064.4914939891923,0.0,1.555352597570566,0,8
139,1520.263998179163,1062.5988603399903,1063.57827753882,0.0,1.5554035123936758,0,8
140,1520.284831474494,1066.991904742506,1066.3760206837499,0.0,1.555250573790481,0,8
141,1520.3056647684189,1064.1383319491833,1063.6420634386027,0.0,1.5556732970124245,0,8
142,1520.3264980607078,1064.7521518529436,1064.4230001829198,0.0,1.56176227572288,0,8
143,1520.347331351154,1063.875599207535,1064.24431932942,0.0,1.55581093989546,0,8
144,1520.3681646395753,1064.0856363974517,1064.386762224365,0.0,1.5563933271895225,0,8
145,1520.3889979258158,1063.4096041416049,1062.6175509586828,0.0,1.555275846159563,0,8
146,1520.409831209751,1061.2811666295577,1060.5921913649347,0.0,1.55559420151159,0,8
147,1520.4306644912876,1063.9817390501396,1064.8939346203824,0.0,1.5564816554038912,0,8
148,1520.4514977703693,1063.7922252786982,1063.4720691026898,0.0,1.5548196513626837,0,8
149,1520.4723310469722,1062.6390380093446,1064.037903628447,0.0,1.5554496732106036,0,8
150,1520.493164321109,1063.257639439283,1064.3591558268502,0.0,1.5560124485184528,0,8
151,1520.5139975928298,1862.3059873326843,1850.8605193981896,142.21724157691796,1.747121018327262,4260,8
152,1520.534830862215,1064.5894905646412,1066.865433937203,29.066518397233963,1.555848232334606,0,8
153,1520.5556641293826,1063.1300614536317,1067.1551197371891,19.706162627966442,1.5567213448327348,4096,8
154,1520.5764973944777,1063.0711432706807,1065.1177583839187,23.256705487216973,1.5609990371841767,0,8
155,1520.597330657677,1061.2237520264753,1061.8448627640705,34.26210612764078,1.5552745280145737,0,8
156,1520.6181639191818,1064.3284317616274,1064.855475356628,29.999927173363886,1.5551222129587159,0,8
157,1520.6389971792155,1063.4402192592318,1065.3226293821733,28.09951637615384,1.5605531187593542,0,8
158,1520.6598304380198,1062.7304751265067,1065.0543684586107,30.30189577671212,1.5555470761462087,0,8
159,1520.6806636958495,1065.4141281886295,1068.449819983162,23.61944836264764,1.555866727862245,0,8
160,1520.7014969529714,1063.7327229197444,1066.1403973271692,29.17585613499454,1.5552354665757777,0,8
161,1520.7223302096556,1065.2418410945563,1067.271482370824,28.620765333317642,1.5567949577764988,0,8
162,1520.7431634661737,1067.8051792000172,1070.2933508137098,36.4146132214391,1.556227542064508,0,8
163,1520.7639967227926,1065.422540300053,1065.5791916548762,28.373173714337554,1.5563512935709012,0,8
164,1520.784829979769,1066.0995601324091,1066.8350182667282,35.85230110889874,1.556987964603017,0,8
165,1520.805663237351,1066.157400356702,1067.5262567167647,35.18461294435124,1.558583052511542,0,8
166,1520.8264964957643,1065.254010253673,1066.1321281382293,28.515671111845364,1.5598736899679575,0,8
167,1520.847329755215,1066.0764527813615,1066.9889071979376,27.821298765012706,1.5560939848926503,0,8
168,1520.868163015884,1066.719600836048,1067.1161234429583,35.000656848310044,1.557760706664313,0,8
169,1520.8889962779267,1067.7129891918407,1066.7529471627367,26.64339145508341,1.5572130491774228,0,8
170,1520.9098295414642,1066.8940927261474,1064.5284278110748,31.657452811879637,1.5589099836878788,0,8
171,1520.9306628065863,1067.0300794077325,1066.42492739924,31.589758667484233,1.5573889668169063,0,8
172,1520.9514960733495,1064.7414336204538,1064.7132696643268,35.435198127089755,1.5574185155291413,0,8
173,1520.9723293417728,1063.777823221242,1063.1550646441208,25.153533352744248,1.5555890269579544,0,8
174,1520.9931626118428,1064.1804740549517,1065.2660233224526,23.705092465882647,1.5569518591900102,0,8
175,1521.0139958835073,1064.641401235264,1065.141513723655,29.86423346523781,1.5566717808453174,0,8
176,1521.0348291566818,1063.5648278778426,1063.7023147088948,27.21115527095096,1.5551154468485884,0,8
177,1521.0556624312487,1063.2605562107346,1063.311582896422,23.591301497863604,1.555395660024874,0,8
178,1521.076495707057,1064.025503263159,1063.5854363074614,23.59746307713022,1.5560806643425478,0,8
179,1521.0973289839317,1062.8957128818968,1063.3385136952822,24.74948163866005,1.556364001767745,0,8
180,1521.1181622616687,1062.9614852920336,1063.2319585156617,24.74263949782684,1.555471590157227,0,8
181,1521.1389955400439,1063.7140058072598,1063.6745143062399,30.65228627297256,1.5555132582774795,0,8
182,1521.1598288188143,1063.3863398273968,1063.3890292547987,20.948503929372638,1.5582340723661756,0,8
183,1521.1806620977227,1063.388973088601,1063.6017769463804,30.658941147920245,1.5570623035388524,0,8
184,1521.2014953765042,1064.1943622909046,1062.8857555489697,24.16584622846726,1.5562231096683063,0,8
185,1521.2223286548883,1063.7828257994952,1063.167306167398,20.404512426439908,1.5550685685740695,0,8
186,1521.2431619326035,1065.6944410791634,1066.0506075381318,26.036600769107196,1.5571599021877225,0,8
187,1521.263995209384,1063.0214934657977,1063.5918222019518,23.12889766713632,1.555160235566016,0,8
188,1521.2848284849715,1064.7636561191955,1065.7665132803368,26.944366241375313,1.558444018130004,0,8
189,1521.3056617591217,1066.5862289859988,1066.5357455963058,30.406906967566428,1.5572784554044115,0,8
190,1521.32649503161,1060.91978952086,1061.149069883934,30.27555689748121,1.5610692212149384,0,8
191,1521.3473283022315,1062.5176836932503,1060.8195154719963,22.985570360161265,1.5571161090006973,0,8
192,1521.3681615708058,1065.6554166337382,1065.1490598222874,27.772396180978287,1.5567238101633063,0,8
193,1521.388994837182,1064.5164576126465,1064.2904382526078,25.321931280075166,1.5570163841803697,0,8
194,1521.409828101239,1061.0260666207294,1061.5236788497043,15.39681516360967,1.5557642222609538,0,8
195,1521.4306613628894,1063.8060361564424,1063.3058424158064,20.912410393459464,1.5560580218459203,0,8
196,1521.4514946220802,1065.1595264011478,1065.0573091216738,27.339486062132398,1.556476912951819,0,8
197,1521.4723278787928,1065.2889296904534,1064.238435678581,25.5106049290463,1.5574513323049284,0,8
198,1521.4931611330458,1063.7345823269984,1063.9287086889788,38.400088065372756,1.5566050494521422,0,8
199,1521.5139943848899,1063.7145451707088,1062.4757509771264,24.14624601858163,1.5560612928297575,0,8
200,1521.5348276344137,1065.7022048107208,1065.270636400653,34.44479003886572,1.5555857466971976,0,8
201,1521.5556608817367,1066.212908323762,1065.8243812166,25.09352270437033,1.5571817243252606,0,8
202,1521.576494127012,1065.1483795255533,1064.404897408936,27.795575699611263,1.5571401503168518,0,8
203,1521.5973273704178,1066.3362832413802,1065.41706991811,37.31047865894743,1.5580461863154953,0,8
204,1521.6181606121554,1065.3418479898032,1065.4554283167065,26.66412132940947,1.5587184940896783,0,8
205,1521.6389938524537,1068.9003948203735,1068.8493049994306,36.45786661484341,1.55815219870517,0,8
206,1521.659827091556,1065.637377837987,1064.4327433718051,36.46787684238897,1.5558579967393915,0,8
207,1521.6806603297207,1065.5938573790042,1064.7873668259504,30.973638040847163,1.5549267037266703,0,8
208,1521.7014935672134,1063.714532157392,1061.9579551298848,25.109828821669442,1.5554786948300705,0,8
209,1521.7223268043033,1066.9621014948293,1066.0068545367558,31.13017284935394,1.5572867037069815,0,8
210,1521.7431600412633,1063.7893817111185,1062.1425143734953,33.90076119033426,1.5558531458264058,0,8
211,1521.7639932783588,1066.0939772539875,1065.833097556674,24.28104578340986,1.5614945752990999,0,8
212,1521.7848265158484,1066.46279186092,1066.3974912667309,34.58143488781174,1.5569663905200843,0,8
213,1521.8056597539744,1066.840867856333,1066.7345927222202,28.37459255914319,1.561679895025797,0,8
214,1521.8264929929592,1065.1401750890152,1066.2401692092349,22.43319427699917,1.5583378167866513,0,8
215,1521.847326233008,1065.3163055398488,1064.435198105142,30.60721496958432,1.5563394506879802,0,8
216,1521.8681594742986,1066.6272222668354,1066.1453044167968,26.1638055242937,1.5563871821658888,0,8
217,1521.8889927169812,1063.460969685046,1062.4935318481541,29.17075013634651,1.558502112549526,0,8
218,1521.909825961172,1063.7923936464513,1063.144319063461,26.083825237545167,1.5607955543375587,0,8
219,1521.930659206959,1066.8647303242894,1067.2730691311938,26.07827982400927,1.5565361946300025,0,8
220,1521.9514924543917,1064.3505756040167,1061.904209643426,27.9974113138305,1.5556006861054317,0,8
221,1521.9723257034864,1063.023114982616,1062.2264734937369,20.43530045018963,1.5566322978426153,0,8
222,1521.993158954223,1064.3229741134326,1063.7233864335024,21.792110826156694,1.5556530899433323,0,8
223,1522.0139922065464,1063.1246285067614,1062.122340028099,22.113584798062657,1.557101358836731,0,8
224,1522.034825460366,1064.0406113790234,1063.5045020331904,20.752647967676005,1.5552776719663939,0,8
225,1522.0556587155609,1063.7483142586261,1063.804152991002,24.67801142932651,1.5584394210574868,0,8
226,1522.0764919719795,1062.3983616415119,1062.622271185821,24.684566098194594,1.557364713715646,0,8
227,1522.0973252294386,1064.8200451164523,1064.600306492158,34.03441441390669,1.559880820221464,0,8
228,1522.118158487731,1061.553054749725,1062.6780312028634,21.947212223729515,1.5573247153227903,0,8
229,1522.1389917466322,1063.194873599966,1062.3193153260356,28.163418746805995,1.5599855031129395,0,8
230,1522.1598250058962,1061.711201101868,1061.168440893573,21.491422510141096,1.557149094129605,0,8
231,1522.1806582652662,1060.0500617778403,1060.2706859719494,29.101035666195337,1.5555756320801342,0,8
232,1522.2014915244747,1062.9136558795335,1063.0344244186656,17.44728784991304,1.5561331797825992,0,8
233,1522.2223247832505,1066.8661995418897,1065.4064028486998,29.09862437282883,1.5567367491059323,0,8
234,1522.2431580413224,1063.3010589729777,1062.7619315333604,21.658548986946435,1.556370594860214,0,8
235,1522.263991298427,1060.824711695667,1060.2055512387224,22.1520745867303,1.5562153408953778,0,8
236,1522.2848245543064,1062.8886083483549,1062.0260776450245,27.799627324034255,1.5583107331920123,0,8
237,1522.3056578087187,1066.7468849715071,1065.1583437089732,24.529118724707914,1.5602772510493474,0,8
238,1522.3264910614419,1064.3897253614637,1063.2302776261047,17.903081849465504,1.5562837724565672,0,8
239,1522.3473243122737,1062.7541992314152,1062.4708584411105,22.271794940795118,1.555729691588652,0,8
240,1522.3681575610392,1065.2396215211122,1065.4457988025529,32.472736523172266,1.5558958537804308,0,8
241,1522.3889908075892,1066.106796034644,1065.4052090757891,24.601799532391457,1.557940565469807,0,8
242,1522.4098240518072,1064.2886482804136,1063.621587458769,29.95349793108579,1.561044889938993,0,8
243,1522.4306572936102,1066.5579536080502,1065.7355191199106,35.175650275320564,1.5573489067465904,0,8
244,1522.4514905329497,1064.2306632775103,1062.9121666232572,23.13205648145207,1.5551685287325157,0,8
245,1522.472323769814,1064.7070094623487,1063.862668802167,27.9153794279815,1.556622707341645,0,8
246,1522.4931570042227,1066.5306807826637,1063.1840390777231,31.96486806175391,1.5610409532394791,4096,8
247,1522.513990236235,1062.8332657833876,1060.7703290074885,15.96009377611885,1.5556572103501114,0,8
248,1522.5348234659416,1062.9537197432717,1062.123256870761,25.38359063824651,1.5558419975843338,0,8
249,1522.5556566934665,1065.869413551361,1066.0018595926763,25.334902490933782,1.5564065966510594,0,8
250,1522.576489918965,1067.1394025633142,1067.539123239943,30.381782862410738,1.5562542707649158,0,8
251,1522.5973231426196,1064.7658262471925,1064.2367493395823,28.724354315117264,1.5577410554380349,0,8
252,1522.6181563646371,1064.6141916513227,1065.0545898069258,29.594835052125436,1.556531182004565,0,8
253,1522.6389895852474,1065.8205111934294,1066.76522111245,39.06486107186761,1.556686169995288,0,8
254,1522.659822804697,1064.5839396409758,1063.2844404826067,16.277373783782362,1.5562410908928999,0,8
255,1522.6806560232433,1066.9088539831998,1065.7246199239896,24.0248024084401,1.5556526238557171,0,8
256,1522.7014892411519,1064.4709835924573,1064.0277387726444,26.698020547671938,1.557889777514449,0,8
257,1522.7223224586965,1064.2294218006814,1063.7635163161426,26.689842155584486,1.5602706386739045,0,8
258,1522.7431556761467,1066.5809117828146,1065.8286386263267,24.338049565858267,1.5570029883700538,0,8
259,1522.7639888937692,1065.610071896288,1064.3170981975618,24.333163321200733,1.5584126075439924,128,8
260,1522.7848221118174,1063.3078155288504,1062.9915799854014,28.397165524625432,1.5574402215514964,0,8
261,1522.8056553305328,1066.2925190344306,1065.6987875104405,30.83780357131517,1.5581981668365483,0,8
262,1522.826488550138,1065.353027588495,1064.3419200217731,29.59154665073593,1.5557186270130574,0,8
263,1522.8473217708333,1065.7236795646595,1065.8823498998331,32.49259935472681,1.5558799318102425,0,8
264,1522.868154992793,1063.145103325619,1061.453265339693,18.62872980021045,1.5575195162975033,0,8
265,1522.888988216161,1065.10483743554,1065.7239464064708,25.95311619405452,1.5575046713424865,0,8
266,1522.909821441053,1061.9233532142923,1061.1091101676554,26.755839758753684,1.5553410196149031,0,8
267,1522.9306546675496,1065.3308552307453,1063.606192126511,29.78891309538544,1.5595758217210434,0,8
268,1522.951487895698,1064.8156906616803,1063.8810702322505,23.232919828414328,1.5564124894003666,0,8
269,1522.972321125509,1062.3532078003452,1062.3911831099938,31.814182490787577,1.5562006216887232,0,8
270,1522.9931543569564,1063.911985587149,1063.7059808851998,24.4590491319833,1.5557200967473006,0,8
271,1523.0139875899822,1062.0545006979896,1060.6950773553092,20.888840227306595,1.5620070601859437,0,8
272,1523.034820824493,1064.4097207047591,1062.9839301005607,30.968264293037052,1.5557438106843662,0,8
273,1523.0556540603618,1061.8203511765175,1061.770762368885,22.00136934075408,1.5548973211658141,0,8
274,1523.0764872974305,1059.035005998964,1059.0075361124866,20.657853220773557,1.5595862257970632,4096,8
275,1523.0973205355153,1064.0703422778213,1063.2437829422065,17.42707088860985,1.555986409677609,0,8
276,1523.1181537744078,1062.7471274460538,1062.1659228661301,20.878301435023303,1.555317697063592,0,8
277,1523.1389870138778,1063.8379177217482,1062.3461062115932,27.60443037358352,1.5559435367247465,0,8
278,1523.1598202536798,1063.0829183558055,1061.8416095381176,13.251626076144884,1.5573010681922024,0,8
279,1523.180653493553,1063.903919841615,1061.7221650800807,24.086198369413353,1.5562380796096342,0,8
280,1523.2014867332298,1062.8138439460463,1059.8922813658353,23.15420134533137,1.5584048261757417,0,8
281,1523.2223199724397,1062.211837581587,1060.5980020192712,22.61931066028302,1.5557460827415226,0,8
282,1523.2431532109142,1061.7688393496012,1059.5917512612245,18.860519900580364,1.5569024716344493,0,8
283,1523.2639864483867,1064.3722894253087,1061.9161347332158,27.587577547155433,1.5658188174970173,0,8
284,1523.2848196846014,1062.2435723076367,1056.6716362528643,16.894638113155267,1.555060513393434,4096,8
285,1523.3056529193211,1062.0948464845776,1059.0438262600564,17.778759149389025,1.5552883257506616,0,8
286,1523.3264861523242,1063.6816776350734,1060.821835286426,20.40408920255936,1.5568756464177633,0,8
287,1523.347319383413,1063.8339804817433,1061.325813150098,22.445017020486148,1.556892229700788,0,8
288,1523.3681526124144,1063.0696879668137,1059.618184627511,10.915660845884448,1.556563364470051,0,8
289,1523.3889858391847,1064.0038457787707,1058.8301206306596,20.224779029035673,1.5599028895242113,4096,8
290,1523.4098190636118,1063.5850637573476,1062.5890477570426,27.097962392730764,1.5568238075585394,0,8
291,1523.4306522856173,1062.1830764320353,1061.1494159815466,25.40134553245904,1.5560632261971732,0,8
292,1523.4514855051568,1063.8890448693164,1061.6272326457342,23.705185813637307,1.5573320012331202,0,8
293,1523.472318722222,1064.4748414117475,1062.1917768709538,23.35252662309663,1.556983960546929,0,8
294,1523.4931519368395,1064.06692435846,1062.5942858561775,27.78897683579496,1.5575218890117426,0,8
295,1523.5139851490708,1065.2172423524125,1063.8633409998442,30.010449845188553,1.5607787256938652,0,8
296,1523.5348183590108,1063.0107275471923,1061.3173243975202,20.298493940985427,1.5561312283874102,0,8
297,1523.5556515667906,1063.9660971135402,1061.6133187704138,22.13923799849413,1.5569864677921699,0,8
298,1523.5764847725677,1063.4790416470498,1061.3034105910035,21.55245509941346,1.5571973351440453,0,8
299,1523.597317976527,1067.9227198096955,1064.7417760810242,23.252729108674302,1.560373667592123,0,8
300,1523.6181511788798,1064.2315170965333,1061.4066639901162,25.911901234599004,1.557278650534856,0,8
301,1523.6389843798581,1259.7595270269003,1252.4764865872828,1682.8538063830217,1.6175841119968224,4260,8
302,1523.6598175797085,1064.3643655919777,1064.9845315432754,692.5711856910822,1.5588203166468058,0,8
303,1523.6806507786914,1065.0969583912076,1065.469074488421,694.8155214185024,1.5560723259502371,0,8
304,1523.701483977075,1066.0970909372677,1065.9641629074104,690.4926509611594,1.557403257329112,0,8
305,1523.7223171751307,1064.082736368454,1062.938132098191,691.7399858808772,1.5590139607385196,0,8
306,1523.7431503731293,1064.0848270217382,1064.3630073754398,684.2906490836095,1.5576724453414,0,8
307,1523.763983571335,1066.2192369343154,1068.8094541323317,692.67649844192,1.5582984274853477,0,8
308,1523.7848167699997,1067.5495823232704,1067.602129789006,685.0633826779025,1.5562764159249722,0,8
309,1523.8056499693628,1065.4998641689308,1066.8901045107848,681.8544893788201,1.5575597289380554,0,8
310,1523.8264831696445,1064.466250955063,1065.3299626408996,688.9705538262892,1.5571376042038483,0,8
311,1523.8473163710414,1064.2705872352092,1065.0998174337155,685.6973789100002,1.556845664937364,0,8
312,1523.8681495737248,1064.813886570438,1065.638378744431,694.3147920661122,1.5574031299270508,0,8
313,1523.8889827778353,1066.5786694619724,1068.111094020927,688.3026712223964,1.5559567753544028,0,8
314,1523.9098159834828,1062.4177104792175,1064.6364503175835,688.0993750568948,1.5558453689272698,0,8
315,1523.9306491907455,1061.6104879133504,1064.6418254233263,688.6688706848773,1.5556697398015276,0,8
316,1523.9514823996642,1064.1722661892913,1065.8686506609765,688.2893901831599,1.5562576267135713,0,8
317,1523.972315610244,1064.7098722848507,1066.1323850126234,686.3315906586399,1.5572029355466186,0,8
318,1523.9931488224568,1063.678807000209,1062.655801162886,686.3315906586399,1.5564128665039252,0,8
319,1524.013982036239,1066.0222183734897,1066.1108676444533,686.3315906586399,1.5576639187428563,0,8
320,1524.0348152514925,1062.0055235378845,1063.3023283114824,686.3315906586399,1.5570540201619338,0,8
321,1524.0556484680853,1062.0169321964959,1063.4008731381523,686.3315906586399,1.5561914035565136,0,8
322,1524.0764816858573,1061.2907439284668,1061.5128003433636,686.3315906586399,1.5560755555788433,0,8
323,1524.097314904621,1063.2754888378934,1061.5996610393806,686.3315906586399,1.556597542730966,0,8
324,1524.1181481241645,1064.191919481113,1063.5679414480987,686.3315906586399,1.5561638083518763,0,8
325,1524.138981344257,1064.7480253533686,1065.413657874007,686.3315906586399,1.5574495655256297,0,8
326,1524.1598145646485,1063.8420633288558,1063.3223925395823,686.3315906586399,1.5595102775169,0,8
327,1524.1806477850764,1063.9172925915846,1062.7133213379122,686.3315906586399,1.5586349280161822,0,8
328,1524.2014810052747,1062.9498464997623,1060.4735521557814,686.3315906586399,1.5552322706286352,0,8
329,1524.2223142249727,1062.39748211367,1060.8825012488576,686.3315906586399,1.5567893743092036,0,8
330,1524.2431474438986,1061.1991222385727,1060.7410806028618,686.3315906586399,1.555689025408205,0,8
331,1524.2639806617901,1063.656223045105,1061.6355618288906,686.3315906586399,1.555801026936643,0,8
332,1524.2848138783947,1061.2496042400514,1061.8761979961212,686.3315906586399,1.5570391236355692,4096,8
333,1524.3056470934746,1063.2438186048887,1061.90240746731,686.3315906586399,1.5626133878298731,0,8
334,1524.3264803068132,1062.0644385320659,1061.3274167896639,686.3315906586399,1.5552925024720659,0,8
335,1524.3473135182135,1061.2470781527177,1061.154622226441,686.3315906586399,1.5558212542093584,0,8
336,1524.3681467275064,1061.458987346662,1059.6784152964244,686.3315906586399,1.5559355482757764,0,8
337,1524.3889799345536,1063.1108002758458,1063.5699818021394,686.3315906586399,1.5556770918555334,0,8
338,1524.4098131392466,1063.4758325793284,1062.7506784983352,686.3315906586399,1.5560516248926815,0,8
339,1524.430646341513,1063.1858513354127,1062.1992114516124,686.3315906586399,1.5562071995150881,0,8
340,1524.4514795413104,1065.3388421790753,1064.2749962084904,686.3315906586399,1.5568714507270909,0,8
341,1524.472312738636,1064.8734492301521,1064.3085388357579,686.3315906586399,1.5588587821592823,0,8
342,1524.4931459335203,1064.6236778026557,1065.2714400186726,686.3315906586399,1.5623703583513875,0,8
343,1524.5139791260306,1063.0636435653648,1062.9207412376334,686.3315906586399,1.556528329172833,0,8
344,1524.5348123162685,1062.1075004180234,1062.7621526289413,686.3315906586399,1.5589048144215942,0,8
345,1524.555645504365,1064.3240694427866,1063.9132536816412,686.3315906586399,1.556155949618855,0,8
346,1524.5764786904824,1063.7062217028945,1062.8021810336752,686.3315906586399,1.5581663037126459,0,8
347,1524.59731187481,1065.7744381580599,1065.9335091526466,686.3315906586399,1.5592282927086922,0,8
348,1524.6181450575632,1062.3544843038621,1063.154674819547,686.3315906586399,1.5560325736049594,0,8
349,1524.6389782389736,1062.4245308567258,1063.399182425527,686.3315906586399,1.5581096282833446,0,8
350,1524.6598114192905,1064.9863619003352,1065.792736715005,686.3315906586399,1.556152722750232,0,8
351,1524.6806445987763,1066.4736182780066,1067.1468566103563,686.3315906586399,1.5583565482324537,0,8
352,1524.7014777777,1065.3292112889596,1065.753659576762,686.3315906586399,1.5583020593774848,0,8
353,1524.7223109563329,1064.7625752362171,1065.499252602027,686.3315906586399,1.5602029038276175,0,8
354,1524.7431441349452,1065.5150638061389,1065.1126838900775,686.3315906586399,1.5576035783722852,0,8
355,1524.7639773137978,1063.645474267632,1062.9665193254716,686.3315906586399,1.557567647487708,0,8
356,1524.7848104931445,1063.994969343555,1062.9884716962715,686.3315906586399,1.5568802717161492,0,8
357,1524.8056436732206,1066.1689852413676,1065.220382698696,686.3315906586399,1.557482310481322,0,8
358,1524.8264768542451,1063.8963972547747,1062.150974971172,686.3315906586399,1.5619733429474671,0,8
359,1524.8473100364097,1062.9461767777286,1063.024933736705,686.3315906586399,1.5582375317127326,0,8
360,1524.868143219881,1064.595907511726,1063.8648463210473,686.3315906586399,1.561179364089116,0,8
361,1524.8889764047979,1063.4048569261138,1062.593444153527,686.3315906586399,1.5577652121748058,0,8
362,1524.9098095912664,1065.5959792059573,1065.558112122674,686.3315906586399,1.557601620968376,0,8
363,1524.9306427793574,1063.7213864395017,1062.85409898554,686.3315906586399,1.5599949762574643,0,8
364,1524.9514759691083,1065.3622572375073,1066.7337205785493,686.3315906586399,1.55713435572765,0,8
365,1524.9723091605217,1063.9132603495534,1064.2100252785085,686.3315906586399,1.5564997385034633,0,8
366,1524.9931423535622,1067.7844003280607,1064.1808723374893,686.3315906586399,1.5565681980551243,4096,8
367,1525.0139755481634,1062.1318650322867,1062.4182458943603,686.3315906586399,1.5583058816927062,0,8
368,1525.0348087442205,1063.8819422337435,1063.0773728885513,686.3315906586399,1.5596449749800565,0,8
369,1525.055641941599,1061.4484411893525,1061.4975263179426,686.3315906586399,1.557517085018854,0,8
370,1525.0764751401357,1062.793756464539,1063.3516325136507,686.3315906586399,1.5609713339612858,0,8
371,1525.0973083396384,1062.923781566305,1063.2124290850165,686.3315906586399,1.5591953783132992,0,8
372,1525.118141539894,1062.2421362921325,1063.277540498269,686.3315906586399,1.5559024756959154,0,8
373,1525.1389747406674,1062.3475118702056,1061.5956269758387,686.3315906586399,1.5570506875535681,0,8
374,1525.1598079417067,1062.9572930594895,1063.4671433374228,686.3315906586399,1.5555060892350583,0,8
375,1525.1806411427503,1062.562410401043,1062.6211872783088,686.3315906586399,1.5560680345141524,0,8
376,1525.2014743435304,1064.4952931436417,1065.2005732267871,686.3315906586399,1.5561704225657536,0,8
377,1525.2223075437757,1063.5429147188247,1064.8616979605986,686.3315906586399,1.5574224737113658,0,8
378,1525.2431407432166,1060.1795609193075,1060.67518264957,686.3315906586399,1.5558701557929315,0,8
379,1525.2639739415893,1062.2117601056418,1061.8771255975846,686.3315906586399,1.5562125484313012,0,8
380,1525.284807138645,1062.5781809799619,1063.8368228073484,686.3315906586399,1.5573733435049149,0,8
381,1525.3056403341484,1063.961259599663,1064.5402911013928,686.3315906586399,1.5587596232069663,0,8
382,1525.3264735278838,1061.4251056032458,1062.233336502519,686.3315906586399,1.560649655027787,0,8
383,1525.3473067196587,1062.4898778667023,1061.4250065097924,686.3315906586399,1.5559404447743488,0,8
384,1525.3681399093082,1063.980181555064,1063.8176155086296,686.3315906586399,1.557370399868683,0,8
385,1525.388973096698,1060.9323991501346,1061.9472310929666,686.3315906586399,1.5564306919373216,0,8
386,1525.4098062817238,1062.0072640056353,1061.9783766198725,686.3315906586399,1.5618351801580022,0,8
387,1525.4306394643154,1064.717677952625,1066.4629701257898,686.3315906586399,1.558330365283704,0,8
388,1525.4514726444372,1065.9811793221563,1065.2625004910794,686.3315906586399,1.5578997694670076,0,8
389,1525.472305822091,1062.29657831352,1061.707860095179,686.3315906586399,1.5566496760035085,0,8
390,1525.4931389973126,1063.0097628697592,1062.3592454753873,686.3315906586399,1.5601536704902355,0,8
391,1525.513972170174,1062.3198892299802,1061.139379132373,686.3315906586399,1.5563165331289959,0,8
392,1525.5348053407777,1065.6619818729764,1064.7699897673767,686.3315906586399,1.5611640791257924,0,8
393,1525.5556385092616,1063.2247137150691,1064.4310459413553,686.3315906586399,1.5570703473025502,0,8
394,1525.5764716757915,1064.9405759931512,1063.7113606836617,686.3315906586399,1.557695518241972,0,8
395,1525.597304840561,1065.3068816914563,1063.9401952181845,686.3315906586399,1.5579705895922475,0,8
396,1525.618138003786,1067.5354600053183,1066.0969480158108,686.3315906586399,1.556608807479778,0,8
397,1525.638971165701,1063.7636577809149,1062.1067718186505,686.3315906586399,1.5567338532652764,0,8
398,1525.6598043265585,1064.831072868313,1061.9584825374639,686.3315906586399,1.5585804586369936,0,8
399,1525.680637486621,1064.2107381247015,1063.4819115380385,686.3315906586399,1.5578449342609864,0,8
400,1525.7014706461591,1066.141351864009,1065.2819573368538,686.3315906586399,1.557971791097573,0,8
401,1525.7223038054435,1062.845347539773,1061.4054597958284,686.3315906586399,1.557034383165626,0,8
402,1525.7431369647422,1066.126399920305,1063.8428536688627,686.3315906586399,1.5582387442106316,0,8
403,1525.7639701243177,1063.7800207133828,1063.1325059887906,686.3315906586399,1.557332400975279,0,8
404,1525.7848032844201,1064.9383511626813,1063.7023223965919,686.3315906586399,1.5562293112830468,0,8
405,1525.8056364452846,1064.1272481264036,1063.1757599951782,686.3315906586399,1.5582559920021277,0,8
406,1525.8264696071249,1064.8682252672477,1063.6153977230804,686.3315906586399,1.5561221968197212,0,8
407,1525.8473027701286,1062.4572995973472,1061.7315465046277,686.3315906586399,1.5609065162357154,0,8
408,1525.868135934462,1065.1087229419254,1063.6952438366009,686.3315906586399,1.5573797606781823,0,8
409,1525.8889691002578,1064.281709753352,1062.1497871975662,686.3315906586399,1.5591252438849925,0,8
410,1525.9098022676183,1066.6094368904317,1065.2568886165338,686.3315906586399,1.5582826503124603,0,8
411,1525.9306354366106,1064.2077979270236,1060.0756046130975,686.3315906586399,1.5588857654148875,0,8
412,1525.9514686072662,1063.4705291701996,1060.8865653018343,686.3315906586399,1.5568380508530968,0,8
413,1525.972301779583,1062.9546406149846,1061.8743881496725,686.3315906586399,1.5565776211607327,0,8
414,1525.9931349535225,1062.9504578103142,1061.5152215376618,686.3315906586399,1.556709951674909,0,8
415,1526.0139681290113,1064.730836104879,1062.6702513759185,686.3315906586399,1.5578044907906845,0,8
416,1526.0348013059418,1062.3060343062148,1061.1749670423676,686.3315906586399,1.5569688737933132,0,8
417,1526.0556344841764,1063.7884422059938,1062.0667242808122,686.3315906586399,1.5561838601499947,0,8
418,1526.0764676635463,1064.4884627675149,1063.773344429409,686.3315906586399,1.5584970799950024,0,8
419,1526.0973008438589,1063.1997448239567,1062.8759013076146,686.3315906586399,1.5593167383656015,0,8
420,1526.1181340248952,1064.9630411879118,1064.1688104087232,686.3315906586399,1.5587663139629628,0,8
421,1526.138967206417,1064.4717603948752,1063.5325631129926,686.3315906586399,1.5562246738755783,0,8
422,1526.1598003881738,1064.1541713863037,1063.0392394173145,686.3315906586399,1.5593072517478859,0,8
423,1526.1806335699023,1064.4401434202491,1064.0604661595626,686.3315906586399,1.5583850778982824,0,8
424,1526.2014667513333,1064.5255348781802,1062.6382746425634,686.3315906586399,1.5582435821778045,0,8
425,1526.2222999321948,1066.5513334538512,1065.202031836428,686.3315906586399,1.5602239619546896,0,8
426,1526.2431331122168,1063.2455027381898,1061.9495222394453,686.3315906586399,1.559659293449673,0,8
427,1526.263966291142,1062.9327454960894,1061.0575054841763,686.3315906586399,1.5563452994719411,0,8
428,1526.2847994687188,1064.473056924044,1063.8929991236248,686.3315906586399,1.5585390605959464,0,8
429,1526.3056326447156,1062.2446690569075,1060.7132374685598,686.3315906586399,1.5565535525811731,0,8
430,1526.3264658189194,1063.6100146739213,1063.035672021705,686.3315906586399,1.5567253664793066,0,8
431,1526.3472989911402,1063.94303888666,1063.8553027567355,686.3315906586399,1.556706418404493,0,8
432,1526.3681321612196,1063.9500059965003,1063.2616856035625,686.3315906586399,1.5565053386300445,0,8
433,1526.3889653290246,1064.9292940309651,1064.2816603886172,686.3315906586399,1.5574381443223577,0,8
434,1526.4097984944563,1064.3704059188253,1063.243243090739,686.3315906586399,1.5607134290091729,0,8
435,1526.430631657448,1065.9738924461515,1064.26399721729,686.3315906586399,1.5568203033120025,0,8
436,1526.4514648179706,1062.590028303132,1061.2786649767243,686.3315906586399,1.5596772396417542,0,8
437,1526.4722979760295,1063.5851464177372,1061.8984793488787,686.3315906586399,1.5577926396122024,0,8
438,1526.4931311316639,1064.1064678038008,1063.2067981950186,686.3315906586399,1.5564096713682107,0,8
439,1526.5139642849522,1064.3788803212615,1064.2436036135662,686.3315906586399,1.5617533011938636,0,8
440,1526.5347974360009,1066.028054712159,1066.6478802296003,686.3315906586399,1.55873935641964,0,8
441,1526.5556305849518,1064.0354719947604,1063.5882354456953,686.3315906586399,1.5569730383425064,0,8
442,1526.5764637319737,1065.2156788898988,1065.3419790540336,686.3315906586399,1.5590158481056382,0,8
443,1526.5972968772644,1062.706765970376,1065.0663812658188,686.3315906586399,1.5593577288134062,4096,8
444,1526.6181300210424,1066.165048442079,1065.4451149269473,686.3315906586399,1.5578233038490379,0,8
445,1526.6389631635436,1064.4963082038312,1064.8521723411714,686.3315906586399,1.5593881609386597,0,8
446,1526.6597963050233,1065.6894931500374,1066.2661833426127,686.3315906586399,1.5573051372109625,0,8
447,1526.6806294457451,1065.0695003123785,1065.722258884211,686.3315906586399,1.5569692639832433,0,8
448,1526.7014625859795,1065.522741819117,1064.765653820229,686.3315906586399,1.557471966875581,0,8
449,1526.7222957259955,1064.151361441017,1063.4152126772467,686.3315906586399,1.559354560727362,0,8
450,1526.7431288660634,1064.4973815565418,1065.7858636117592,686.3315906586399,1.5571773217032399,0,8
451,1526.7639620064438,1266.9620367350165,1262.5040163868764,686.3315906586399,1.6212485713617688,4260,8
452,1526.7847951473855,1065.2085340824608,1065.1333021707828,686.3315906586399,1.5571767580025608,0,8
453,1526.8056282891198,1062.2706937734808,1064.7818920324364,686.3315906586399,1.5570028545098777,0,8
454,1526.826461431856,1064.3733647233003,1067.2503579592494,686.3315906586399,1.5583941416025466,0,8
455,1526.8472945757828,1061.5219953849394,1062.0445425930761,686.3315906586399,1.5577305821706542,0,8
456,1526.8681277210596,1063.603043831197,1063.7898921956673,686.3315906586399,1.5577050485860853,0,8
457,1526.888960867816,1064.9974499081407,1066.7314482995253,686.3315906586399,1.5568263116784662,0,8
458,1526.9097940161491,1064.0687634260348,1064.6572981974373,686.3315906586399,1.557555100958825,0,8
459,1526.9306271661203,1061.540326485596,1061.6154029035029,686.3315906586399,1.5604261858466502,0,8
460,1526.9514603177593,1063.3785666602735,1063.529763238095,686.3315906586399,1.5566949014515796,0,8
461,1526.972293471059,1065.2996118949238,1066.1667111931877,686.3315906586399,1.557987637225085,0,8
462,1526.993126625975,1065.211199400098,1066.20213987352,686.3315906586399,1.5600117407762342,0,8
463,1527.0139597824298,1064.5411625480017,1065.604162543686,686.3315906586399,1.561162000379122,0,8
464,1527.0347929403122,1064.184370078935,1065.8467620100582,686.3315906586399,1.5576726235900276,0,8
465,1527.0556260994792,1063.6191206926876,1062.2491650311247,686.3315906586399,1.5573380825029743,0,8
466,1527.076459259761,1065.6792219849526,1066.8513236212168,686.3315906586399,1.5574164335139167,0,8
467,1527.097292420958,1062.2345991403743,1063.023158022895,686.3315906586399,1.5575498858652082,0,8
468,1527.1181255828496,1061.4914687013343,1061.6759189169275,686.3315906586399,1.559035653549372,0,8
469,1527.138958745198,1064.7995004149564,1064.3742646773635,686.3315906586399,1.5574295961423335,0,8
470,1527.159791907748,1061.4531996073038,1060.8983790321506,686.3315906586399,1.5607008818480628,0,8
471,1527.180625070238,1063.6385620062063,1063.752089632243,686.3315906586399,1.559354461004101,0,8
472,1527.2014582323966,1062.1919909276046,1061.3207687815395,686.3315906586399,1.5560596483837852,0,8
473,1527.222291393951,1063.5349271761477,1063.5004449848316,686.3315906586399,1.5576391405153398,0,8
474,1527.243124554635,1067.5833844025321,1063.4799257138159,686.3315906586399,1.5577906648722768,4096,8
475,1527.263957714189,1062.9862164246308,1062.7750596891929,686.3315906586399,1.559943592749722,0,8
476,1527.2847908723643,1062.9203960258621,1063.1297650608685,686.3315906586399,1.5570745001765371,0,8
477,1527.3056240289313,1062.7459904880623,1062.3621254062746,686.3315906586399,1.557437709113612,0,8
478,1527.3264571836821,1063.2356397046888,1063.8220156754487,686.3315906586399,1.5571221866169989,0,8
479,1527.3472903364304,1062.2481543210713,1060.7475026164295,686.3315906586399,1.55683972386051,0,8
480,1527.3681234870187,1063.7423740250038,1063.5958106665669,686.3315906586399,1.5574899215622193,0,8
481,1527.3889566353203,1063.2612140981073,1062.77996626865,686.3315906586399,1.5575729722588731,0,8
482,1527.4097897812385,1063.1432041863047,1062.9654245751208,686.3315906586399,1.5595370243446518,0,8
483,1527.4306229247136,1064.0547698325918,1063.3322442809724,686.3315906586399,1.5561585732946246,0,8
484,1527.4514560657192,1068.117197352839,1064.023480440901,686.3315906586399,1.556317909671877,4096,8
485,1527.4722892042666,1062.900315707812,1062.10656460076,686.3315906586399,1.5574832012284534,0,8
486,1527.4931223404014,1063.6031293803194,1063.2183014610277,686.3315906586399,1.5577100911486583,0,8
487,1527.5139554742016,1064.5352200524833,1064.9929798856654,686.3315906586399,1.5590119157001074,0,8
488,1527.5347886057812,1064.9518818499037,1064.4498189144938,686.3315906586399,1.5575717885659726,0,8
489,1527.555621735286,1064.6476242953493,1064.6055629749328,686.3315906586399,1.5714905212262829,0,8
490,1527.5764548628888,1066.956960740854,1065.6268451139233,686.3315906586399,1.5593842681486476,0,8
491,1527.5972879887877,1066.2898360533372,1065.5859775522351,686.3315906586399,1.558368733936693,0,8
492,1527.618121113205,1064.991681253247,1064.5606562932226,686.3315906586399,1.5581425400367552,0,8
493,1527.638954236382,1065.081368544014,1064.463875384437,686.3315906586399,1.5598664647785365,0,8
494,1527.659787358574,1065.8349405692145,1066.1573596657458,686.3315906586399,1.5571876626690118,0,8
495,1527.6806204800444,1064.5871483364958,1065.1589572960233,686.3315906586399,1.5641127116068543,0,8
496,1527.7014536010633,1066.184159981042,1067.065907618111,686.3315906586399,1.558136604500665,0,8
497,1527.7222867219023,1063.4696072867562,1063.9390469821833,686.3315906586399,1.5643750413566184,0,8
498,1527.7431198428299,1064.9407907317595,1064.732903075367,686.3315906586399,1.557073832889478,0,8
499,1527.763952964105,1066.9536718449633,1067.6969837918305,686.3315906586399,1.5600780992029801,0,8
500,1527.7847860859747,1063.2329012830494,1064.6309636363728,686.3315906586399,1.5586074324671373,0,8
501,1527.8056192086665,1064.488471249745,1065.8156589987825,686.3315906586399,1.5586415758527474,0,8
502,1527.8264523323892,1063.3969257290146,1064.8909746270106,686.3315906586399,1.5583292440348089,0,8
503,1527.8472854573265,1068.5423203127068,1069.3017063169682,686.3315906586399,1.5579740989002626,0,8
504,1527.868118583635,1063.909960227917,1065.3701711080914,686.3315906586399,1.5598487942730872,0,8
505,1527.8889517114385,1064.9791260732086,1066.6989844330906,686.3315906586399,1.5593759092040722,0,8
506,1527.9097848408314,1064.4529136049525,1065.2396931341993,686.3315906586399,1.558003652953016,0,8
507,1527.93061797187,1064.3245164750992,1065.0161445136346,686.3315906586399,1.5634136992996543,0,8
508,1527.9514511045807,1064.59782647933,1065.555486874045,686.3315906586399,1.5566277401645914,0,8
509,1527.972284238949,1064.3239546486268,1065.2112779576562,686.3315906586399,1.558906994033263,0,8
510,1527.9931173749262,1063.1643170719112,1064.359896532085,686.3315906586399,1.5566848638361288,0,8
511,1528.0139505124314,1064.0963860168092,1064.759781598353,686.3315906586399,1.559785180450012,0,8
512,1528.0347836513502,1062.1752953060022,1062.674472680581,686.3315906586399,1.5596107209475587,0,8
513,1528.0556167915356,1063.130044110662,1064.4400402084525,686.3315906586399,1.5620861696591255,0,8
514,1528.076449932812,1067.916431318373,1065.994484715041,686.3315906586399,1.5599370617598782,4096,8
515,1528.0972830749774,1062.887512136622,1065.1395697547446,686.3315906586399,1.5589508054885195,0,8
516,1528.1181162178098,1062.44160860705,1064.2083236493268,686.3315906586399,1.5587421200957101,0,8
517,1528.1389493610675,1063.831052593735,1064.156744476962,686.3315906586399,1.561984925563549,0,8
518,1528.1597825044962,1064.7736624711158,1065.3549545755836,686.3315906586399,1.557378236916271,0,8
519,1528.180615647831,1062.9952072395715,1065.001001634175,686.3315906586399,1.5580877837214897,0,8
520,1528.2014487907993,1065.6744724740001,1066.564158797776,686.3315906586399,1.5599304293819098,0,8
521,1528.2222819331314,1065.4304965933702,1066.0093708392253,686.3315906586399,1.5578353997927485,0,8
522,1528.2431150745583,1063.0786261945912,1064.5143060590028,686.3315906586399,1.5574218253070717,0,8
523,1528.2639482148254,1062.265676770511,1063.5870106007196,686.3315906586399,1.559693271334741,0,8
524,1528.2847813536857,1063.4814203561766,1066.0146857356117,686.3315906586399,1.5579176115135611,0,8
525,1528.3056144909112,1063.4205722230156,1065.417690211704,686.3315906586399,1.5614041621029622,0,8
526,1528.326447626295,1064.3519021722898,1065.9632583237467,686.3315906586399,1.564658943241191,0,8
527,1528.3472807596563,1064.945182124727,1066.951731865949,686.3315906586399,1.5571889830224974,0,8
528,1528.368113890841,1067.492051363929,1068.9524367963522,686.3315906586399,1.5576877228177697,4096,8
529,1528.3889470197255,1065.6921879965944,1068.7077012022012,686.3315906586399,1.5591000416794185,0,8
530,1528.4097801462196,1065.8461884615685,1069.4906482678673,686.3315906586399,1.5572224059394502,0,8
531,1528.4306132702675,1067.2827203492916,1070.9228305921888,686.3315906586399,1.5581609243169405,0,8
532,1528.4514463918479,1066.527662883835,1069.1712300844965,686.3315906586399,1.5588792949221426,0,8
533,1528.4722795109747,1065.8875123475,1068.06488306256,686.3315906586399,1.5574623084112769,0,8
534,1528.4931126276988,1065.541634034999,1068.4962899652958,686.3315906586399,1.5576686076448343,0,8
535,1528.5139457421042,1066.2442729128763,1068.7846176002008,686.3315906586399,1.5637945776756037,0,8
536,1528.5347788543086,1065.8411981519985,1068.5617511751034,686.3315906586399,1.55994988263717,0,8
537,1528.5556119644605,1064.1967249424806,1068.1489396734376,686.3315906586399,1.559925012379222,0,8
538,1528.5764450727368,1063.2719799009037,1067.5103355571157,686.3315906586399,1.5598079427453435,0,8
539,1528.59727817934,1066.7015433907602,1068.9742759358994,686.3315906586399,1.5584834949131627,0,8
540,1528.618111284494,1065.9248264571822,1068.9587029883453,686.3315906586399,1.5585890345043876,0,8
541,1528.6389443884425,1066.443759929863,1064.616470561591,686.3315906586399,1.5610729881847603,4096,8
542,1528.6597774914408,1064.0963181201075,1066.348296409564,686.3315906586399,1.5598800399971025,0,8
543,1528.6806105937544,1063.4958317411476,1066.712049655431,686.3315906586399,1.557421969681611,0,8
544,1528.7014436956551,1063.9791652658923,1065.511276121462,686.3315906586399,1.5574822483647297,0,8
545,1528.722276797414,1063.588220552533,1065.8575766783115,686.3315906586399,1.5580514449587899,0,8
546,1528.743109899298,1065.0367545343045,1066.8353598181513,686.3315906586399,1.5596019023927172,0,8
547,1528.7639430015643,1064.862221036801,1067.4048891007758,686.3315906586399,1.557785009347434,0,8
548,1528.7847761044563,1063.663709269698,1065.2370565217993,686.3315906586399,1.5600125217355303,0,8
549,1528.8056092082022,1065.5210433969705,1067.70242797941,686.3315906586399,1.5585554414162035,0,8
550,1528.8264423130072,1065.5789778913952,1067.1005574840442,686.3315906586399,1.5602253131591763,0,8
551,1528.847275419051,1063.4243319664815,1066.6406844818835,686.3315906586399,1.562162069184109,0,8
552,1528.8681085264848,1063.108361157937,1066.4941909066665,686.3315906586399,1.558363442224732,0,8
553,1528.8889416354307,1063.1016144404493,1065.4815124744434,686.3315906586399,1.5579699257735007,0,8
554,1528.909774745977,1064.8359896534203,1066.986710531748,686.3315906586399,1.5595639646991095,0,8
555,1528.9306078581774,1063.1447431675927,1064.5913744376242,686.3315906586399,1.5592703888727677,0,8
556,1528.9514409720505,1063.917001579187,1067.2003271353242,686.3315906586399,1.5573106566079435,0,8
557,1528.9722740875793,1064.0915450675252,1065.6624713791034,686.3315906586399,1.5577652024855377,0,8
558,1528.9931072047111,1065.7252717282427,1066.3894260358577,686.3315906586399,1.5601227465135696,0,8
559,1529.0139403233602,1065.191289580706,1066.3103728955632,686.3315906586399,1.5590807491176972,0,8
560,1529.0347734434065,1063.2521204722532,1064.2434752433019,686.3315906586399,1.5589827286268523,0,8
561,1529.055606564699,1064.4034660450636,1064.8857274090642,686.3315906586399,1.5596208125407145,0,8
562,1530.284759567303,-2206.9339853216256,674.9295749353985,686.3315906586399,3.420322761185553,2176,8
563,1530.3055926661218,-2849.7867172107635,686.1561132591044,686.3315906586399,3.2655899285539083,2176,8
564,1530.326425763054,-3841.784133434067,698.7612778901503,686.3315906586399,3.1215198194430966,2176,8
565,1530.3472588579239,-5460.10712021667,706.4737033731086,686.3315906586399,2.982199335033828,2176,8
566,1530.368091950585,-8607.469815254353,710.4764987403653,686.3315906586399,2.851489750113091,2176,8
567,1530.3889250409236,-17913.995041292783,722.0828178537314,686.3315906586399,2.732067692345271,2176,8
568,1530.4097581288595,-208650.20242733374,729.1337231948463,686.3315906586399,2.616711278435486,2176,8
569,1530.4305912143432,26863.344196906593,731.3757352885252,686.3315906586399,2.5172633234601896,2176,8
570,1530.4514242973628,14425.113533882024,725.4262606263108,686.3315906586399,2.434526574689682,2177,8
571,1530.472257377944,10358.499336170546,720.6008349481415,686.3315906586399,2.3640586416697067,128,8
572,1530.4930904561447,8480.154440895016,719.8762118652911,686.3315906586399,2.3036650298326475,128,8
573,1530.5139235320596,7331.430511322313,722.2912898200292,686.3315906586399,2.2493429886921263,128,8
574,1530.5347566058138,6533.521015551235,723.8766182454151,686.3315906586399,2.1958490106996473,128,8
575,1530.555589677562,5963.504541428412,725.8438891037198,686.3315906586399,2.148532612382043,128,8
576,1530.5764227474895,5507.799568609212,724.6722143293889,686.3315906586399,2.1029844193729827,128,8
577,1530.5972558158057,5162.336880935187,725.7529540576708,686.3315906586399,2.0618044756721616,128,8
578,1530.6180888827394,4903.641415681119,728.595594082938,686.3315906586399,2.0212890089651285,128,8
579,1530.6389219485366,4693.680337851122,727.710226587396,686.3315906586399,1.986369114782602,128,8
580,1530.659755013457,4530.437479428162,726.97696028849,686.3315906586399,1.955928180316452,128,8
581,1530.6805880777683,4414.332131661624,728.1431723007227,686.3315906586399,1.9317812153162224,128,8
582,1530.701421141742,4306.8782123242645,726.6588130040313,686.3315906586399,1.905153330896966,128,8
583,1530.7222542056486,4228.500478369957,727.3569999753695,686.3315906586399,1.8847437471833484,128,8
584,1530.7430872697516,4148.6983797675,726.0335794204574,686.3315906586399,1.868611109366004,128,8
585,1530.7639203343067,4072.803843417061,724.9220391132811,686.3315906586399,1.8423448699041072,128,8
586,1530.7847533995555,4029.394349744711,727.2703108781351,686.3315906586399,1.8270569784810098,128,8
587,1530.8055864657165,3957.462385131063,725.7842703239976,686.3315906586399,1.8058632825278491,128,8
588,1530.8264195329914,3910.883008128804,725.5387622010478,686.3315906586399,1.7878745021146722,128,8
589,1530.847252601551,3866.0093643173113,724.9138109457217,686.3315906586399,1.7722128020314944,128,8
590,1530.8680856715398,3842.8200971873916,727.6390289143695,686.3315906586399,1.760033475179633,128,8
591,1530.8889187430716,3811.2779096928007,727.2532745543134,686.3315906586399,1.7480811875415272,128,8
592,1530.9097518162264,3790.496299709264,728.05694234844,686.3315906586399,1.735108815173821,128,8
593,1530.9305848910465,3780.4729809630094,729.9669866711404,686.3315906586399,1.725929986654626,128,8
594,1530.951417967542,3756.1702328289625,728.7440645982844,686.3315906586399,1.715866211387572,128,8
595,1530.972251045688,3738.1505856607187,728.3542159607325,686.3315906586399,1.7055967819786837,128,8
596,1530.9930841254222,3716.9903327337333,728.1186395576227,686.3315906586399,1.6968516346352538,128,8
597,1531.01391720665,3721.6254009188115,733.0604281501761,686.3315906586399,1.6906036566319682,128,8
598,1531.0347502892416,3688.6887037641714,731.0221860966261,686.3315906586399,1.6790384948099886,128,8
599,1531.0555833730393,3672.3112437669997,732.8710314579921,686.3315906586399,1.6684395929489766,128,8
600,1531.0764164578584,3638.0398695386034,732.6747308790964,686.3315906586399,1.6597714792880054,128,8
601,1531.09724954349,3623.890353739628,733.0108740680694,686.3315906586399,1.6493305753704606,128,8
602,1531.1180826297007,3609.856769136011,734.9263400510863,686.3315906586399,1.6427734089889303,128,8
603,1531.1389157162446,3591.9421887206195,734.8112943030613,686.3315906586399,1.6355890778254778,128,8
604,1531.1597488028615,3582.7137689738656,737.0519736669842,686.3315906586399,1.6289757354121737,128,8
605,1531.180581889283,3573.882268595903,737.8566420272456,686.3315906586399,1.623310973119002,128,8
606,1531.20141497524,3574.8172620430937,740.2708448203301,686.3315906586399,1.618858901951572,128,8
607,1531.222248060461,3575.1829629808954,743.2593098191634,686.3315906586399,1.6209858648182014,128,8
608,1531.2430811446811,3566.7051324449394,743.4518128213911,686.3315906586399,1.6131275278468822,128,8
609,1531.2639142276469,3576.975314008187,748.5836956030128,686.3315906586399,1.6112474095498293,128,8
610,1531.2847473091208,3568.8075004055477,750.0142840052681,686.3315906586399,1.6124307030953298,128,8
611,1531.305580388883,3558.7165913092563,751.7109850417302,686.3315906586399,1.6034516735945832,128,8
612,1531.3264134667368,3544.4668597451237,753.8780938972073,686.3315906586399,1.5976027030590223,128,8
613,1531.3472465425084,3547.0853384836573,756.991140962389,686.3315906586399,1.5948624686775172,128,8
614,1531.368079616057,3534.907056104866,758.2791121406449,686.3315906586399,1.5916413697202474,128,8
615,1531.3889126872737,3529.7642669747866,761.55622407374,686.3315906586399,1.5879023230280755,128,8
616,1531.4097457560808,3524.977499632023,764.1770013657828,686.3315906586399,1.5900183396870964,128,8
617,1531.430578822433,3523.0070843609706,768.5064247909969,686.3315906586399,1.584237728917487,128,8
618,1531.4514118863256,3515.693976910555,769.6076837048719,686.3315906586399,1.581934252275726,128,8
619,1531.472244947787,3505.701996888544,771.2626946168382,686.3315906586399,1.5815511436412322,128,8
620,1531.4930780068826,3503.199734362907,775.1046553447163,686.3315906586399,1.578878290961255,128,8
621,1531.5139110637074,3494.7281585448072,776.6181399218372,686.3315906586399,1.5767381984457778,128,8
622,1531.5347441183915,3489.342605530685,780.2666425383227,686.3315906586399,1.575540043633871,128,8
623,1531.5555771710958,3504.028999600443,783.9504702434366,686.3315906586399,1.5777934689665785,4224,8
624,1531.5764102220073,3463.917506738588,784.3718546457625,686.3315906586399,1.5723546187637034,128,8
625,1531.5972432713384,3463.894643180946,790.5149843868293,686.3315906586399,1.5718347590623702,128,8
626,1531.6180763193206,3451.286757573899,792.4829269047185,686.3315906586399,1.5710606178482032,128,8
627,1531.638909366201,3440.611182987448,795.5533223463436,686.3315906586399,1.5727277671306397,128,8
628,1531.6597424122426,3423.5661828298653,797.5625542602659,686.3315906586399,1.5688560306866421,128,8
629,1531.6805754577126,3386.4065099440236,801.1963164187521,686.3315906586399,1.5669967147713304,128,8
630,1531.701408502882,3402.1166631355995,803.9308138535682,686.3315906586399,1.5678338262944822,128,8
631,1531.722241548021,3392.751299254932,808.141904417862,686.3315906586399,1.570700771979447,128,8
632,1535.0138601545193,1291.41984340099,876.9552201988612,686.3315906586399,1.5335704059146331,128,8
633,1535.0346931633705,1288.3448347080432,874.4609918746808,686.3315906586399,1.5374999874556623,0,8
634,1535.055526173343,1289.556926509177,880.1383312950516,686.3315906586399,1.535352047780218,0,8
635,1535.0763591842372,1278.616840406889,887.0765472668248,686.3315906586399,1.53421695145004,0,8
636,1535.0971921958317,1260.9655325258534,892.4591996061747,686.3315906586399,1.534807085775868,-999,8
637,1535.1180252078875,1243.8973160197768,898.3869300888754,686.3315906586399,1.5332133936164467,-999,8
638,1535.1388582201487,1245.8920376164767,908.4605903504878,686.3315906586399,1.5340704690162557,0,8
639,1535.1596912323514,1232.9021880908792,916.5556548365693,686.3315906586399,1.5335711155968847,0,8
640,1535.1805242442251,1221.6077289760394,928.1817857950678,686.3315906586399,1.5334569442345165,0,8
641,1535.2013572554988,1206.6777947224243,934.5432093918424,686.3315906586399,1.536055558729974,0,8
642,1535.2221902659064,1189.8341717676724,947.4626978478137,686.3315906586399,1.5365564528867544,-999,8
643,1535.2430232751865,1188.7717035056762,948.3548029368397,686.3315906586399,1.5364155083852695,4096,8
644,1535.263856283094,1173.0992884762597,962.4178389938493,686.3315906586399,1.5337368645984957,4096,8
645,1535.2846892893992,1165.5088545841338,967.8825187805138,686.3315906586399,1.5323793077571457,0,8
646,1535.305522293892,1156.6430206324692,978.6238057011319,686.3315906586399,1.5341602566062196,0,8
647,1535.3263552963924,1145.0844765160975,986.5192728921791,686.3315906586399,1.5355196392703365,0,8
648,1535.3471882967426,1137.552113996697,994.8800257898727,686.3315906586399,1.5344008694425975,4096,8
649,1535.3680212948148,1130.6756756468947,1001.3265868431795,686.3315906586399,1.5353147407081802,0,8
650,1535.3888542905177,1118.2028464699426,1006.6122555102695,686.3315906586399,1.533724383270941,0,8
651,1535.4096872837904,1110.4711573903635,1009.9904342215053,686.3315906586399,1.5333473795737174,4096,8
652,1535.4305202746118,1116.0117887656531,1015.9963393546975,686.3315906586399,1.535766528696387,0,8
653,1535.4513532629903,1111.9630642487077,1021.0716341924524,686.3315906586399,1.5347565282214213,0,8
654,1535.4721862489748,1108.4259708883728,1025.639022261889,686.3315906586399,1.5393619962144895,4096,8
655,1535.4930192326476,1104.3295533692672,1030.160073095987,686.3315906586399,1.5364181084145856,4096,8
656,1535.5138522141228,1100.9282645153735,1034.256019682931,686.3315906586399,1.5369356896386774,4096,8
657,1535.5346851935462,1097.6246947850793,1040.8456098777483,686.3315906586399,1.5378621154967638,4096,8
658,1535.5555181710922,1094.3854300928851,1042.8201301883148,686.3315906586399,1.5434681884913377,4096,8
659,1535.5763511469602,1091.2502650896754,1045.6592977353653,686.3315906586399,1.537813430230921,4096,8
660,1535.5971841213761,1087.9071216698712,1046.4430582709142,686.3315906586399,1.538138780349704,4096,8
661,1535.6180170945793,1087.1588718434768,1051.1201191726345,686.3315906586399,1.5393300896256072,4096,8
662,1535.638850066825,1084.3103539650212,1054.2328112659568,686.3315906586399,1.5401272804688508,0,8
663,1535.6596830383783,1078.6823445582095,1051.2714641669081,686.3315906586399,1.5409754063993066,4096,8
664,1535.6805160095098,1075.0788695674512,1055.4043816226065,686.3315906586399,1.54003427683821,4096,8
665,1535.7013489804917,1070.039962568819,1057.2511290092243,686.3315906586399,1.5412543117159683,-999,8
666,1535.7221819515914,1077.104991060166,1060.9667336721518,686.3315906586399,1.542950497628927,4096,8
667,1535.7430149230663,1081.2582995506218,1063.9476190805317,686.3315906586399,1.5431463034238366,4096,8
668,1535.763847895161,1076.169784799013,1059.8226718868973,686.3315906586399,1.5423466260561098,0,8
669,1535.784680868107,1073.815222507349,1059.239223301354,686.3315906586399,1.5428577209018743,4096,8
670,1535.80551384211,1073.226088601654,1058.0845612428363,686.3315906586399,1.544746545571282,0,8
671,1535.8263468173518,1074.4401258415417,1061.6101216027073,686.3315906586399,1.5439729176403845,4096,8
672,1535.8471797939874,1074.7723390816475,1061.5022088520577,686.3315906586399,1.5445390398756795,0,8
673,1535.868012772138,1071.6998807805066,1062.1793075910512,686.3315906586399,1.544939509118522,0,8
674,1535.8888457518983,1069.512165787489,1061.0883868588433,686.3315906586399,1.546485109611167,0,8
675,1535.9096787333244,1069.7969785988223,1062.9811197845015,686.3315906586399,1.5454625561961532,0,8
676,1535.9305117164372,1069.7422465022455,1063.336168546153,686.3315906586399,1.5454164099711518,0,8
677,1535.9513447012223,1069.7131598505882,1066.3565405660092,686.3315906586399,1.547132366197111,0,8
678,1535.9721776876306,1064.9531194941032,1060.609217194327,686.3315906586399,1.5455847326114143,0,8
679,1535.9930106755778,1064.8947521631321,1065.592692520069,686.3315906586399,1.549085790181872,0,8
680,1536.013843664949,1066.7001704701227,1064.5947386995315,686.3315906586399,1.5503048522668692,0,8
681,1536.0346766555947,1066.2594049075828,1066.0546563568623,686.3315906586399,1.5489938212436956,0,8
682,1536.055509647336,1058.4653193106114,1065.8452236113435,686.3315906586399,1.5539115055435042,-999,8
683,1536.0763426399749,1064.6442572159883,1068.4371212560493,686.3315906586399,1.5490355021501003,0,8
684,1536.0971756332863,1067.4830555458311,1067.3948975453975,686.3315906586399,1.5478056805480302,0,8
685,1536.1180086270274,1066.2652442497072,1067.3078139369468,686.3315906586399,1.5487642323018764,0,8
686,1536.1388416209413,1067.0540733297894,1067.3346572208368,686.3315906586399,1.5537471491632786,0,8
687,1536.1596746147643,1063.8586625214652,1066.1375374051318,686.3315906586399,1.5561325037384317,0,8
688,1536.1805076082242,1063.8620000224573,1065.2298835413992,686.3315906586399,1.5503367176442444,0,8
689,1536.2013406010508,1065.4126142690018,1065.5609825494314,686.3315906586399,1.550219643783541,0,8
690,1536.2221735929786,1063.8239213713423,1065.7372867888644,686.3315906586399,1.5497922450056356,0,8
691,1536.2430065837475,1064.7524528790857,1065.4255270891726,686.3315906586399,1.5524151913977466,-999,8
692,1536.2638395731142,1064.9898702531204,1067.1379396488346,686.3315906586399,1.5557684406631151,0,8
693,1536.2846725608522,1063.0928689861944,1065.7273961665794,686.3315906586399,1.5510530079139546,0,8
694,1536.3055055467566,1064.2708174363056,1068.1138517517422,686.3315906586399,1.5541156958247153,-999,8
695,1536.326338530646,1063.175132770666,1064.6415549482754,686.3315906586399,1.551459866380321,0,8
696,1536.3471715123671,1062.1251377523993,1065.4838882921488,686.3315906586399,1.5515861558239725,-999,8
697,1536.3680044918,1062.0016998061542,1065.834874663272,686.3315906586399,1.550568072643996,-999,8
698,1536.3888374688552,1062.5113013438734,1062.5485401408675,686.3315906586399,1.5512306656642192,-999,8
699,1536.4096704434792,1063.7361296523038,1063.4936240735087,686.3315906586399,1.5544476948613006,0,8
700,1536.4305034156503,1062.2346006088503,1063.7747044510247,686.3315906586399,1.5516731034374638,0,8
701,1536.4513363853866,1062.804004231295,1062.457800517292,686.3315906586399,1.5520911466352285,0,8
702,1536.4721693527388,1064.7187800868544,1063.0341510276248,686.3315906586399,1.5566108854491167,0,8
703,1536.4930023177944,1065.2263180427976,1063.5278603903246,686.3315906586399,1.5530682287177864,0,8
704,1536.5138352806716,1064.0145071337436,1063.105037490263,686.3315906586399,1.5528518734965155,0,8
705,1536.534668241519,1062.5630121964614,1060.2464903743057,686.3315906586399,1.5526889907135704,0,8
706,1536.5555012005175,2025.3891526676186,1865.0511576023446,686.3315906586399,1.7509128500361408,164,8
707,1536.5763341578688,1064.4969833150296,1061.503588337585,686.3315906586399,1.5549391319863304,0,8
708,1536.5971671137993,1062.9193001049853,1060.730063768391,686.3315906586399,1.5523162838862958,0,8
709,1536.6180000685517,1064.18675170222,1061.783078927349,686.3315906586399,1.555933832905825,0,8
710,1536.638833022383,1064.7687774109136,1063.005747947892,686.3315906586399,1.5533521682890905,0,8
711,1536.6596659755587,1063.9400415601665,1061.33070086445,686.3315906586399,1.5569928514899127,0,8
712,1536.6804989283498,1064.2484613361373,1061.2108937879182,686.3315906586399,1.5548579155746511,0,8
713,1536.701331881029,1067.2495353822737,1063.5916190658431,686.3315906586399,1.555713622437135,0,8
714,1536.7221648338634,1064.3702969138146,1062.971664994639,686.3315906586399,1.5538821160672383,0,8
715,1536.7429977871059,1064.9962066151134,1063.7108925254872,686.3315906586399,1.553615282541906,0,8
716,1536.7638307410034,1063.2218519148269,1060.3508672053244,686.3315906586399,1.5548433920407065,0,8
717,1536.7846636957815,1063.6008529566461,1061.1716943042175,686.3315906586399,1.5595735896690552,0,8
718,1536.8054966516438,1062.8423289189077,1060.2624363734142,686.3315906586399,1.5572499540595428,0,8
719,1536.826329608767,1062.9700888532452,1062.5492810838816,686.3315906586399,1.5543485014653005,0,8
720,1536.8471625673053,1063.5554984321818,1060.583957908948,686.3315906586399,1.554907551652552,0,8
721,1536.867995527376,1062.365694832721,1062.1506847061687,686.3315906586399,1.557193365819612,0,8
722,1536.888828489067,1061.6664630440564,1060.6822809634366,686.3315906586399,1.5543639216192573,0,8
723,1536.9096614524306,1063.138197982316,1061.374110085221,686.3315906586399,1.5555120525737631,0,8
724,1536.930494417482,1064.8334679335671,1064.1784558952372,686.3315906586399,1.5572628069141883,0,8
725,1536.9513273842026,1063.739114053694,1063.2579436564129,686.3315906586399,1.554581707288029,0,8
726,1536.9721603525402,1063.4510093858705,1063.0991115535546,686.3315906586399,1.5546510973145675,0,8
727,1536.9929933224064,1065.5231316213167,1066.3749513515477,686.3315906586399,1.555234259011479,0,8
728,1537.0138262936805,1061.7722266616356,1062.9090000028423,686.3315906586399,1.5561153570691373,0,8
729,1537.034659266207,1064.7804644429161,1065.8185430020583,686.3315906586399,1.5579441826256264,0,8
730,1537.0554922398087,1063.174664251011,1065.4460411460911,686.3315906586399,1.5557688730744232,0,8
731,1537.076325214282,1064.6212457582164,1066.1917952396668,686.3315906586399,1.5558935387824326,0,8
732,1537.0971581893973,1065.0281037607178,1066.3563717271968,686.3315906586399,1.5574238519683723,0,8
733,1537.117991164911,1064.4711598288834,1065.1846394687439,686.3315906586399,1.5558220057686982,0,8
734,1537.1388241405662,1064.4011704489449,1066.7346234834529,686.3315906586399,1.5583223262390575,0,8
735,1537.1596571160967,1064.8769852978992,1066.5565752476705,686.3315906586399,1.55683729727649,0,8
736,1537.1804900912318,1064.7391937240868,1066.7668448216898,686.3315906586399,1.558910167207707,0,8
737,1537.2013230656996,1065.1264518449664,1066.7247712775213,686.3315906586399,1.5568564032894399,0,8
738,1537.2221560392345,1064.3040004832442,1066.7715797511519,686.3315906586399,1.5589277083364523,0,8
739,1537.2429890115811,1065.7096181868212,1067.2746836252156,686.3315906586399,1.5572043872441788,0,8
740,1537.2638219824962,1062.3912675200147,1063.8967291264432,686.3315906586399,1.5578943634567155,0,8
741,1537.2846549517567,1063.273327556398,1065.272232486598,686.3315906586399,1.5565846506110177,0,8
742,1537.3054879191604,1065.1639738557033,1065.0990159387604,686.3315906586399,1.5579432919305405,0,8
743,1537.3263208845285,1064.729160804497,1066.5350425650156,686.3315906586399,1.5583002687169045,0,8
744,1537.3471538477143,1065.8102463188613,1067.5037186091888,686.3315906586399,1.5568369174153318,0,8
745,1537.3679868085987,1063.7401245496067,1063.5896393147632,686.3315906586399,1.5577659888507127,0,8
746,1537.3888197670994,1063.057563204997,1063.4515373217296,686.3315906586399,1.5567933457421812,0,8
747,1537.4096527231654,1063.6777920578975,1065.937101389324,686.3315906586399,1.5572787756315158,0,8
748,1537.4304856767815,1063.860805070407,1064.2921733159383,686.3315906586399,1.5582418839498309,0,8
749,1537.4513186279687,1062.592256076107,1061.7957920999565,686.3315906586399,1.5604698165677224,0,8
750,1537.472151576784,1063.993902306114,1064.580533704516,686.3315906586399,1.563127056188288,0,8
751,1537.4929845233185,1064.9302398759912,1064.7066548249531,686.3315906586399,1.5590064030419284,0,8
752,1537.5138174676936,1064.6928202240863,1063.820636049164,686.3315906586399,1.558042958933196,0,8
753,1537.5346504100635,1063.971901285493,1062.229967997776,686.3315906586399,1.5568744855046965,0,8
754,1537.55548335061,1065.529869797738,1067.7427786774097,686.3315906586399,1.5579912627632027,0,8
755,1537.5763162895425,1062.4257141729017,1063.598978620639,686.3315906586399,1.5563850209631724,0,8
756,1537.5971492270855,1063.9888445171343,1064.600366765411,686.3315906586399,1.5581187385166078,0,8
757,1537.6179821634853,1064.0289885223003,1065.771346417612,686.3315906586399,1.5579008619531836,0,8
758,1537.6388150989994,1065.580900211697,1066.8019411261669,686.3315906586399,1.5588270548980259,0,8
759,1537.6596480338965,1063.578763839007,1064.0974466318892,686.3315906586399,1.5573830607449803,0,8
760,1537.6804809684481,1064.6714040138784,1065.948838692035,686.3315906586399,1.5589417277066855,0,8
761,1537.7013139029248,1063.75321563599,1063.722555684738,686.3315906586399,1.5572326557826583,0,8
762,1537.7221468375897,1062.9272871823343,1063.0764496338943,686.3315906586399,1.5573530189612272,0,8
763,1537.7429797727002,1064.4246738420527,1062.9723866916702,686.3315906586399,1.5602191114860648,0,8
764,1537.763812708498,1063.8137168177855,1063.6441670235317,686.3315906586399,1.5576453447716065,0,8
765,1537.7846456452069,1062.3521456690523,1061.841967711886,686.3315906586399,1.558748266363771,0,8
766,1537.8054785830254,1064.4968083836604,1064.365409087605,686.3315906586399,1.5589402759952697,0,8
767,1537.8263115221296,1064.8714519772911,1064.559311357208,686.3315906586399,1.5579664685046588,0,8
768,1537.8471444626675,1063.9357353740875,1062.6885922715835,686.3315906586399,1.5586936510815292,0,8
769,1537.8679774047546,1064.4029964620877,1061.9454355860444,686.3315906586399,1.5596778973189636,0,8
770,1537.8888103484726,1065.4882009011378,1065.6758344740451,686.3315906586399,1.5613809299472337,0,8
771,1537.909643293867,1063.691581690192,1062.777703547668,686.3315906586399,1.5576639252925188,0,8
772,1537.9304762409515,1066.1007010628202,1065.530008717462,686.3315906586399,1.557986193910126,0,8
773,1537.9513091897036,1064.266512793433,1066.5396376399826,686.3315906586399,1.5575460298640789,-999,8
774,1537.9721421400666,1063.601336239645,1063.0338467436743,686.3315906586399,1.5590580477697604,0,8
775,1537.9929750919448,1064.6831537048417,1064.9264484888254,686.3315906586399,1.561116415200378,0,8
776,1538.0138080452118,1066.3354661603285,1066.1242943824893,686.3315906586399,1.5580192250191371,0,8
777,1538.0346409997144,1063.725121890923,1066.0854654740358,686.3315906586399,1.5592919505682146,0,8
778,1538.055473955269,1063.3782043501415,1064.3949734798803,686.3315906586399,1.5600023660300726,0,8
779,1538.0763069116667,1064.6679410437375,1065.832349897233,686.3315906586399,1.5593798942061001,0,8
780,1538.0971398686786,1065.4833029074518,1067.3275659711007,686.3315906586399,1.5604385178402738,0,8
781,1538.1179728260581,1064.8939596775865,1065.8399439714365,686.3315906586399,1.5585372237972999,0,8
782,1538.1388057835454,1064.8116780339224,1065.5968809564515,686.3315906586399,1.5595060595340207,0,8
783,1538.159638740876,1065.5425330418086,1065.624523209042,686.3315906586399,1.558328308593779,0,8
784,1538.180471697777,1065.7719631438679,1065.508681500197,686.3315906586399,1.5586406516865507,0,8
785,1538.2013046539778,1063.9206798364257,1064.3109862052336,686.3315906586399,1.5577185554860489,0,8
786,1538.2221376092134,1065.801075902181,1066.6329022495322,686.3315906586399,1.561391930332,0,8
787,1538.2429705632298,1064.539625848476,1067.421290015896,686.3315906586399,1.5581711741031374,0,8
788,1538.2638035157872,1064.8712577303415,1065.7477036682742,686.3315906586399,1.559484036056673,0,8
789,1538.2846364666643,1064.8052045325142,1066.688896787744,686.3315906586399,1.5616766714496926,0,8
790,1538.305469415661,1063.6967198092707,1063.5061997959447,686.3315906586399,1.5587644505027372,0,8
791,1538.3263023626037,1063.9240796300007,1066.3642524361924,686.3315906586399,1.5578479796071933,0,8
792,1538.3471353073485,1064.343227437426,1062.5239233169752,686.3315906586399,1.558987377453963,0,8
793,1538.367968249782,1062.7127411831736,1062.642012352638,686.3315906586399,1.558736360852897,0,8
794,1538.3888011898243,1066.378975047765,1064.6277755203628,686.3315906586399,1.5580351290592236,0,8
795,1538.4096341274296,1064.2412051118088,1064.0794523155205,686.3315906586399,1.5577723575724376,0,8
796,1538.4304670625886,1062.9813891818267,1063.7140677222567,686.3315906586399,1.5583238623365194,0,8
797,1538.4512999953274,1063.9575924388828,1065.0700304161899,686.3315906586399,1.5586332840770054,0,8
798,1538.4721329257056,1062.9755479418789,1063.591724160907,686.3315906586399,1.5579499965627317,0,8
799,1538.4929658538174,1064.3523345883564,1062.6054747766734,686.3315906586399,1.5587385099676678,0,8
800,1538.5137987797918,1064.9128299060205,1065.7588000713397,686.3315906586399,1.5595103953313478,0,8
801,1538.5346317037856,1063.1790784221407,1063.372634317841,686.3315906586399,1.5605419614706044,0,8
802,1538.555464625985,1062.657201433614,1061.7060238241156,686.3315906586399,1.5579326744631081,0,8
803,1538.5762975466002,1063.8721448378253,1065.4473381912096,686.3315906586399,1.5596361704552306,0,8
804,1538.5971304658583,1064.8140349582438,1064.8952084825075,686.3315906586399,1.5618044628022285,0,8
805,1538.617963384009,1064.9630985386857,1066.0114203777027,686.3315906586399,1.558752561509717,0,8
806,1538.6387963013115,1063.3691552968628,1064.7996520370184,686.3315906586399,1.5587816488603798,0,8
807,1538.659629218035,1065.3053865113818,1065.7260212456986,686.3315906586399,1.5597565447745172,4096,8
808,1538.6804621344506,1065.0344645310802,1063.9647571757725,686.3315906586399,1.5614207010896193,0,8
809,1538.7012950508265,1064.5770673031461,1064.8179452924958,686.3315906586399,1.563520241541762,0,8
810,1538.7221279674286,1064.52988053423,1063.5451602739852,686.3315906586399,1.5615297634337335,0,8
811,1538.7429608845116,1065.6899650006367,1065.3017558314,686.3315906586399,1.5636187133814305,0,8
812,1538.7637938023138,1065.4142859097003,1065.8147214542848,686.3315906586399,1.563464543895489,0,8
813,1538.7846267210548,1065.4167431597282,1064.8961695408136,686.3315906586399,1.5617752977685828,0,8
814,1538.805459640934,1064.3685426578604,1064.5220465085092,686.3315906586399,1.560434378563567,0,8
815,1538.8262925621234,1065.4350456657369,1066.0115384943938,686.3315906586399,1.5617347476308268,0,8
816,1538.847125484765,1065.8958631207593,1065.4621714275272,686.3315906586399,1.5597125846584283,0,8
817,1538.867958408969,1065.4124980216388,1065.5534238107234,686.3315906586399,1.5589189861099566,0,8
818,1538.8887913348135,1065.5012627469089,1066.4128552256657,686.3315906586399,1.5592201755315263,0,8
819,1538.9096242623423,1064.7234499700103,1064.840102038541,686.3315906586399,1.559169595381749,0,8
820,1538.9304571915625,1064.5102464177883,1063.9163368891348,686.3315906586399,1.5596176239623778,0,8
821,1538.9512901224468,1064.9720489834367,1066.807928257714,686.3315906586399,1.5637170845084538,0,8
822,1538.9721230549333,1066.4267096952071,1065.4307241972856,686.3315906586399,1.561478978421172,0,8
823,1538.992955988922,1062.8662223121432,1062.5546521041756,686.3315906586399,1.5596608819739461,0,8
824,1539.0137889242842,1065.8876882826078,1064.2755335927789,686.3315906586399,1.5601901214925664,0,8
825,1539.034621860861,1063.8907716732278,1064.0488179729618,686.3315906586399,1.5595799022436947,0,8
826,1539.0554547984655,1063.7962014848433,1063.188654291532,686.3315906586399,1.560546768426665,0,8
827,1539.076287736887,1062.8254849009236,1060.6271351778403,686.3315906586399,1.5647569990394863,0,8
828,1539.097120675893,1064.177005252436,1064.6649642524608,686.3315906586399,1.5594207675637015,0,8
829,1539.1179536152354,1064.6252250728962,1064.4135925457513,686.3315906586399,1.5590153459789824,0,8
830,1539.1387865546565,1063.641664359414,1062.7642859017953,686.3315906586399,1.5607734885466062,0,8
831,1539.1596194938857,1064.0454439921552,1062.811265538351,686.3315906586399,1.5618934837157514,0,8
832,1539.1804524326496,1065.6525788137906,1065.9318631607641,686.3315906586399,1.559116175374838,0,8
833,1539.2012853706822,1064.384668110339,1063.0364511598318,686.3315906586399,1.5594752947112327,0,8
834,1539.2221183077174,1063.8696016448841,1063.3925426013782,686.3315906586399,1.5591741023486896,0,8
835,1539.2429512435042,1064.0146012380237,1061.3786857695163,686.3315906586399,1.5600567088413375,0,8
836,1539.2637841778037,1063.3208056186618,1062.182844459227,686.3315906586399,1.5591724442780277,0,8
837,1539.2846171103968,1065.2154528903984,1064.116151452644,686.3315906586399,1.559508794022139,0,8
838,1539.3054500410876,1063.8104139246236,1062.3697062447484,686.3315906586399,1.5620099174604785,4096,8
839,1539.3262829697067,1064.7056108910253,1065.5499505602725,686.3315906586399,1.5600826955418374,0,8
840,1539.3471158961142,1063.156679046491,1062.873137359429,686.3315906586399,1.5618075386761865,0,8
841,1539.3679488201997,1063.1334431776713,1062.3521478107343,686.3315906586399,1.5587565830659642,0,8
842,1539.3887817418877,1064.3710634470135,1064.2089004465365,686.3315906586399,1.5586649567402338,0,8
843,1539.4096146611373,1064.316441652647,1063.7432884040363,686.3315906586399,1.561096251006565,0,8
844,1539.4304475779454,1062.412405910608,1061.3235006642744,686.3315906586399,1.5613050016351557,0,8
845,1539.45128049234,1064.025902755928,1062.515818905088,686.3315906586399,1.5587499867209593,0,8
846,1539.4721134043875,1063.9278044503965,1063.1634213880398,686.3315906586399,1.5593442338213526,0,8
847,1539.4929463141862,1063.38541193971,1063.1751494524754,686.3315906586399,1.5598914794097807,0,8
848,1539.5137792218686,1064.7313092348604,1065.0548928514809,686.3315906586399,1.5587804769532756,0,8
849,1539.5346121275968,1061.8993937354326,1061.807363815871,686.3315906586399,1.5586095808595404,0,8
850,1539.5554450315585,1065.02400374592,1063.602778471352,686.3315906586399,1.5596312565652362,0,8
851,1539.5762779339643,1063.830553652421,1064.0725887781903,686.3315906586399,1.5625391783942044,0,8
852,1539.5971108350495,1062.8059711288074,1061.194468580389,686.3315906586399,1.5608111711805224,0,8
853,1539.6179437350627,1065.0055324179418,1066.559672628991,686.3315906586399,1.5590977168998934,0,8
854,1539.6387766342657,1065.5183337530134,1064.0000322470698,686.3315906586399,1.5619184188800435,128,8
855,1539.6596095329267,1064.357958215943,1064.6863367203075,686.3315906586399,1.5620348204745647,128,8
856,1539.6804424313154,1932.8973877461153,1790.7971728352659,686.3315906586399,1.7492907858459066,164,8
857,1539.7012753297038,1065.2190185109155,1066.6447125599327,686.3315906586399,1.5593801620335934,0,8
858,1539.7221082283547,1065.1594119201618,1064.7903692782604,686.3315906586399,1.5598462189139173,0,8
859,1539.7429411275214,1065.8299614138743,1065.7515879144853,686.3315906586399,1.5601547012938988,0,8
860,1539.7637740274397,1065.3793248603756,1064.4520301371408,686.3315906586399,1.560466618459486,0,8
861,1539.7846069283266,1064.106708155111,1063.7679320065697,686.3315906586399,1.559797534976103,0,8
862,1539.8054398303786,1065.143537772387,1063.596994055262,686.3315906586399,1.5614691265022684,0,8
863,1539.8262727337617,1064.4592134596357,1063.8338742946257,686.3315906586399,1.5619407202827245,0,8
864,1539.847105638616,1064.5145689857675,1065.0615701169909,686.3315906586399,1.5667301751371516,0,8
865,1539.8679385450475,1063.4021373326214,1064.9345427036894,686.3315906586399,1.5603494070584731,0,8
866,1539.8887714531304,1063.6360496161033,1061.9143862178248,686.3315906586399,1.5594702938061042,0,8
867,1539.909604362902,1062.4780736355763,1061.5369322664951,686.3315906586399,1.5590736403078753,0,8
868,1539.9304372743668,1063.4892839593401,1063.506684398501,686.3315906586399,1.5608618125367368,0,8
869,1539.951270187492,1063.896248723494,1063.324990055671,686.3315906586399,1.5591040111191599,0,8
870,1539.9721031022077,1064.534834960953,1064.1615213630337,686.3315906586399,1.5605047997374797,0,8
871,1539.9929360184142,1062.8587162722513,1062.4226438559201,686.3315906586399,1.559651852863434,0,8
872,1540.0137689359785,1064.8094900862081,1064.8765465962124,686.3315906586399,1.5602072454110096,0,8
873,1540.034601854737,1067.2177358640672,1065.9547865826491,686.3315906586399,1.5605305007750085,4096,8
874,1540.0554347744994,1065.7239285795588,1065.899893959863,686.3315906586399,1.5618792450162076,0,8
875,1540.0762676950508,1064.0583522326522,1062.6937094727878,686.3315906586399,1.5595990804487503,0,8
876,1540.0971006161587,1064.5986199209356,1065.1088652715187,686.3315906586399,1.5617844242755448,0,8
877,1540.1179335375723,1065.3702002056084,1065.831992352045,686.3315906586399,1.5613340307399295,0,8
878,1540.1387664590306,1063.5421825611998,1064.1908396024883,686.3315906586399,1.563232457506255,0,8
879,1540.1595993802628,1063.3577447786083,1064.3597018163027,686.3315906586399,1.559743660876211,0,8
880,1540.1804323009985,1065.3688049933462,1065.9159954859654,686.3315906586399,1.5607438855877243,0,8
881,1540.2012652209694,1063.9357931559764,1064.2697125974657,686.3315906586399,1.5634955159856774,0,8
882,1540.2220981399132,1063.748148387051,1062.9773065120596,686.3315906586399,1.5606964762522133,0,8
883,1540.2429310575778,1062.9962736721338,1061.2564145208482,686.3315906586399,1.5607950771237353,0,8
884,1540.263763973727,1063.4453932537247,1064.3389927697754,686.3315906586399,1.5588879012453072,0,8
885,1540.2845968881452,1064.2414800049426,1062.2185118182188,686.3315906586399,1.5594162107605385,0,8
886,1540.3054298006407,1064.3324568610483,1064.441707607293,686.3315906586399,1.5638906321178363,0,8
887,1540.3262627110464,1061.9211591565634,1061.5738651204533,686.3315906586399,1.5598668684500314,0,8
888,1540.3470956192261,1061.8032395304194,1060.5775117315977,686.3315906586399,1.5596802280655206,0,8
889,1540.3679285250744,1062.0178050176085,1062.0999075345924,686.3315906586399,1.5602616825162683,0,8
890,1540.3887614285206,1062.8345356570298,1064.498606026125,686.3315906586399,1.5609660565404235,0,8
891,1540.4095943295288,1062.8132511518347,1061.9764335524699,686.3315906586399,1.5595445681271813,0,8
892,1540.4304272281,1063.8539002889656,1063.4662562223875,686.3315906586399,1.55947576181933,0,8
893,1540.4512601242664,1062.4702175075106,1064.9799619844855,686.3315906586399,1.5600414868455874,0,8
894,1540.4720930180988,1062.2041821105104,1061.2408503129516,686.3315906586399,1.5601115186071624,0,8
895,1540.4929259097012,1064.0755985056007,1065.5434403232618,686.3315906586399,1.5593123826610737,0,8
896,1540.5137587992092,1064.5156387671113,1064.8041668304515,686.3315906586399,1.5615325629240764,0,8
897,1540.5345916867875,1063.6238871151788,1064.1010441200622,686.3315906586399,1.560661756658337,0,8
898,1540.5554245726278,1063.0033083398055,1063.1401642684098,686.3315906586399,1.5599242200037844,0,8
899,1540.5762574569462,1064.5275786388788,1065.0696636185648,686.3315906586399,1.560961507886933,0,8
900,1540.5970903399773,1063.5421861874052,1064.9590879972263,686.3315906586399,1.5599899491081057,0,8
901,1540.6179232219736,1064.3572085740216,1065.3611833559094,686.3315906586399,1.5613915390331212,0,8
902,1540.6387561031966,1065.1247625478554,1063.7669371756006,686.3315906586399,1.563459711790797,0,8
903,1540.6595889839134,1065.2957945635198,1065.154119256652,686.3315906586399,1.5601315583353879,0,8
904,1540.680421864399,1064.5309984683074,1064.5209351606884,686.3315906586399,1.5606671333061526,0,8
905,1540.7012547449203,1063.7464700346882,1065.1357173807,686.3315906586399,1.5596294151089793,0,8
906,1540.7220876257416,1063.7159209946037,1061.8234751612,686.3315906586399,1.5620071684198211,0,8
907,1540.7429205071116,1064.4693089470338,1063.8056557666328,686.3315906586399,1.559304330757002,0,8
908,1540.7637533892655,1064.6657806690778,1064.6153991199606,686.3315906586399,1.5605822142748609,0,8
909,1540.7845862724178,1064.6697796969938,1065.5529464790877,686.3315906586399,1.5669218125780793,0,8
910,1540.805419156761,1062.9169597103414,1062.5731503353454,686.3315906586399,1.562172633455586,0,8
911,1540.826252042459,1063.4134189189926,1062.285124642752,686.3315906586399,1.5608470656241,0,8
912,1540.8470849296452,1063.7228207883284,1063.6665014822968,686.3315906586399,1.5628998056023407,0,8
913,1540.8679178184236,1063.123190068746,1061.9352788216006,686.3315906586399,1.5599334312757218,0,8
914,1540.8887507088618,1062.4508859602984,1061.7906529127065,686.3315906586399,1.5604146379216117,0,8
915,1540.909583600996,1063.2903609674704,1060.8729928157265,686.3315906586399,1.5607881629656093,0,8
916,1540.9304164948219,1062.7563336659816,1062.321013628476,686.3315906586399,1.5600906080313828,0,8
917,1540.9512493903037,1063.6782675259992,1064.7896183554676,686.3315906586399,1.5601742567172878,0,8
918,1540.9720822873676,1062.896913820659,1064.8486036523634,686.3315906586399,1.5627702194276265,0,8
919,1540.9929151859105,1064.6792082780244,1064.458375931344,686.3315906586399,1.5612229822664525,0,8
920,1541.0137480857927,1062.3249415469395,1063.37370502481,686.3315906586399,1.5602980209346642,0,8
921,1541.0345809868486,1063.893099203887,1065.6728863749838,686.3315906586399,1.5642909102747504,0,8
922,1541.0554138888833,1062.5338575071148,1063.674539872574,686.3315906586399,1.5608009055382401,0,8
923,1541.0762467916807,1062.566514517639,1062.6063796170215,686.3315906586399,1.5596066797418007,0,8
924,1541.0970796950046,1062.4822674823627,1062.557219697028,686.3315906586399,1.561311007290547,0,8
925,1541.1179125986043,1064.0071588396252,1065.5921058832937,686.3315906586399,1.5606539483130906,0,8
926,1541.138745502214,1063.9890704436993,1063.0579558347424,686.3315906586399,1.5600435874268375,0,8
927,1541.1595784055664,1062.432631396207,1062.5505679465418,686.3315906586399,1.5609539059121877,0,8
928,1541.18041130839,1064.598805603206,1064.009548716383,686.3315906586399,1.5625362893296466,0,8
929,1541.2012442104165,1063.1948558771578,1062.0524044024485,686.3315906586399,1.5597309782269813,0,8
930,1541.2220771113841,1062.8904500776227,1061.8077334917912,686.3315906586399,1.5621418493130321,0,8
931,1541.2429100110428,1063.3060859712914,1064.3456704562184,686.3315906586399,1.561045702530161,0,8
932,1541.2637429091596,1062.2603933615605,1062.9676072411623,686.3315906586399,1.5612439302989676,0,8
933,1541.2845758055223,1065.2315975444976,1063.2344938708588,686.3315906586399,1.5605252558204374,0,8
934,1541.305408699941,1063.5322916205207,1065.6353177915214,686.3315906586399,1.5616426252435747,0,8
935,1541.3262415922527,1063.35436356264,1062.0465703744826,686.3315906586399,1.5609456459925533,0,8
936,1541.3470744823246,1063.406702776668,1062.8842730666433,686.3315906586399,1.5597009056671436,0,8
937,1541.3679073700573,1063.4220259658366,1064.713115393649,686.3315906586399,1.5616317801682165,0,8
938,1541.3887402553844,1062.8945364254835,1062.8483308485781,686.3315906586399,1.5595418609924339,0,8
939,1541.4095731382745,1062.766323739165,1063.5598111949494,686.3315906586399,1.5598794137207266,0,8
940,1541.4304060187308,1063.4563933747945,1066.4666489127835,686.3315906586399,1.5595181059917465,0,8
941,1541.4512388967928,1064.4758137707788,1065.16623766572,686.3315906586399,1.5603526921446464,0,8
942,1541.4720717725354,1064.5379098606873,1065.1440251655308,686.3315906586399,1.562765304055154,0,8
943,1541.4929046460672,1063.6111470796577,1065.3031448787976,686.3315906586399,1.5632497567660377,0,8
944,1541.5137375175275,1065.8026841126905,1066.0177304169094,686.3315906586399,1.561573422981694,0,8
945,1541.534570387083,1063.5434657394824,1063.119847309949,686.3315906586399,1.5594713793924748,0,8
946,1541.555403254931,1062.8815591283337,1063.6452998606744,686.3315906586399,1.5622888125512624,0,8
947,1541.576236121289,1060.8937991660598,1062.328015687259,686.3315906586399,1.5594259093924039,0,8
948,1541.5970689863964,1061.772808098177,1061.4149569528433,686.3315906586399,1.5630814121011902,0,8
949,1541.617901850503,1064.1973991480802,1064.249230552687,686.3315906586399,1.5600698665921018,0,8
950,1541.6387347138734,1065.1302984647862,1065.282968283789,686.3315906586399,1.562690204149973,0,8
951,1541.6595675767785,1065.956850014558,1065.720947772717,686.3315906586399,1.5627541055771028,0,8
952,1541.680400439489,1064.2048543947722,1063.8170685566122,686.3315906586399,1.560627556147659,0,8
953,1541.7012333022737,1065.5520301741929,1064.4368966925629,686.3315906586399,1.5621951957344864,0,8
954,1541.722066165394,1064.7075551153619,1064.743756753917,686.3315906586399,1.56193902767982,0,8
955,1541.7428990290975,1064.9869232804606,1065.310295812438,686.3315906586399,1.5605506559027027,0,8
956,1541.7637318936177,1065.0407344418693,1065.3752408812747,686.3315906586399,1.562591064474584,0,8
957,1541.7845647591653,1064.4752095842496,1063.7178939270566,686.3315906586399,1.5603247005010776,0,8
958,1541.8053976259298,1065.5484526018365,1063.6091019463304,686.3315906586399,1.5609139446451108,0,8
959,1541.8262304940697,1065.0711745801796,1064.8326737239622,686.3315906586399,1.560604365966648,0,8
960,1541.8470633637169,1066.2111241472899,1065.8047365533303,686.3315906586399,1.561884180229846,0,8
961,1541.8678962349695,1065.780333516125,1065.9705568615168,686.3315906586399,1.5639235667813909,0,8
962,1541.8887291078934,1066.9875277888505,1066.6045595906232,686.3315906586399,1.5684059083397004,0,8
963,1541.9095619825155,1065.9404261102286,1064.9783632710312,686.3315906586399,1.5634560088449414,0,8
964,1541.9303948588283,1067.647331364237,1068.3543735645935,686.3315906586399,1.5627404205042907,0,8
965,1541.9512277367928,1066.1912962550455,1066.121859046425,686.3315906586399,1.5623122219314771,0,8
966,1541.9720606163319,1068.17192536038,1069.682761258385,686.3315906586399,1.56258230660331,0,8
967,1541.9928934973354,1067.3564887803013,1066.8683229243031,686.3315906586399,1.5612342997336588,0,8
